[ID],ControllerName,BehaviourDescriptor,GfxPorteur,GfxPorteurGhost,GfxWeaponModels,PositionModule,WeaponManagerModule,CadavreModule,DamageModule
32675,GroupeCombatController,146 : 44982 (False) - TUniteBehaviourDescriptor,43 : 44983 (True) - TGfxDescriptorPorteur,43 : 17392 (True) - TGfxDescriptorPorteur,147 : 44984 (True) - TWeaponModelHolder,Position,WeaponManager,Cadavre,Damage
32687,GroupeCombatController,146 : 44990 (False) - TUniteBehaviourDescriptor,43 : 44983 (True) - TGfxDescriptorPorteur,43 : 17392 (True) - TGfxDescriptorPorteur,147 : 44991 (True) - TWeaponModelHolder,Position,WeaponManager,Cadavre,Damage
32698,GroupeCombatController,146 : 44997 (False) - TUniteBehaviourDescriptor,43 : 44983 (True) - TGfxDescriptorPorteur,43 : 17392 (True) - TGfxDescriptorPorteur,147 : 44998 (True) - TWeaponModelHolder,Position,WeaponManager,Cadavre,Damage
32705,GroupeCombatController,146 : 45003 (False) - TUniteBehaviourDescriptor,43 : 44983 (True) - TGfxDescriptorPorteur,43 : 17392 (True) - TGfxDescriptorPorteur,147 : 45004 (True) - TWeaponModelHolder,Position,WeaponManager,Cadavre,Damage
32953,GroupeCombatController,146 : 45176 (False) - TUniteBehaviourDescriptor,43 : 44983 (True) - TGfxDescriptorPorteur,43 : 17392 (True) - TGfxDescriptorPorteur,147 : 45177 (True) - TWeaponModelHolder,Position,WeaponManager,Cadavre,Damage
32958,GroupeCombatController,146 : 45182 (False) - TUniteBehaviourDescriptor,43 : 44983 (True) - TGfxDescriptorPorteur,43 : 17392 (True) - TGfxDescriptorPorteur,147 : 45183 (True) - TWeaponModelHolder,Position,WeaponManager,Cadavre,Damage
32963,GroupeCombatController,146 : 45188 (False) - TUniteBehaviourDescriptor,43 : 44983 (True) - TGfxDescriptorPorteur,43 : 17392 (True) - TGfxDescriptorPorteur,147 : 45189 (True) - TWeaponModelHolder,Position,WeaponManager,Cadavre,Damage
32968,GroupeCombatController,146 : 45194 (False) - TUniteBehaviourDescriptor,43 : 44983 (True) - TGfxDescriptorPorteur,43 : 17392 (True) - TGfxDescriptorPorteur,147 : 45195 (True) - TWeaponModelHolder,Position,WeaponManager,Cadavre,Damage
32973,GroupeCombatController,146 : 45200 (False) - TUniteBehaviourDescriptor,43 : 44983 (True) - TGfxDescriptorPorteur,43 : 17392 (True) - TGfxDescriptorPorteur,147 : 45201 (True) - TWeaponModelHolder,Position,WeaponManager,Cadavre,Damage
32979,GroupeCombatController,146 : 45206 (False) - TUniteBehaviourDescriptor,43 : 44983 (True) - TGfxDescriptorPorteur,43 : 17392 (True) - TGfxDescriptorPorteur,147 : 45207 (True) - TWeaponModelHolder,Position,WeaponManager,Cadavre,Damage
32987,GroupeCombatController,146 : 45212 (False) - TUniteBehaviourDescriptor,43 : 44983 (True) - TGfxDescriptorPorteur,43 : 17392 (True) - TGfxDescriptorPorteur,147 : 45213 (True) - TWeaponModelHolder,Position,WeaponManager,Cadavre,Damage
32994,GroupeCombatController,146 : 45218 (False) - TUniteBehaviourDescriptor,43 : 44983 (True) - TGfxDescriptorPorteur,43 : 17392 (True) - TGfxDescriptorPorteur,147 : 45219 (True) - TWeaponModelHolder,Position,WeaponManager,Cadavre,Damage
33001,GroupeCombatController,146 : 45224 (False) - TUniteBehaviourDescriptor,43 : 44983 (True) - TGfxDescriptorPorteur,43 : 17392 (True) - TGfxDescriptorPorteur,147 : 45225 (True) - TWeaponModelHolder,Position,WeaponManager,Cadavre,Damage
33008,GroupeCombatController,146 : 45230 (False) - TUniteBehaviourDescriptor,43 : 44983 (True) - TGfxDescriptorPorteur,43 : 17392 (True) - TGfxDescriptorPorteur,147 : 45231 (True) - TWeaponModelHolder,Position,WeaponManager,Cadavre,Damage
33016,GroupeCombatController,146 : 45236 (False) - TUniteBehaviourDescriptor,43 : 44983 (True) - TGfxDescriptorPorteur,43 : 17392 (True) - TGfxDescriptorPorteur,147 : 45237 (True) - TWeaponModelHolder,Position,WeaponManager,Cadavre,Damage
33021,GroupeCombatController,146 : 45242 (False) - TUniteBehaviourDescriptor,43 : 44983 (True) - TGfxDescriptorPorteur,43 : 17392 (True) - TGfxDescriptorPorteur,147 : 45243 (True) - TWeaponModelHolder,Position,WeaponManager,Cadavre,Damage
33028,GroupeCombatController,146 : 45248 (False) - TUniteBehaviourDescriptor,43 : 44983 (True) - TGfxDescriptorPorteur,43 : 17392 (True) - TGfxDescriptorPorteur,147 : 45249 (True) - TWeaponModelHolder,Position,WeaponManager,Cadavre,Damage
33093,GroupeCombatController,146 : 45298 (False) - TUniteBehaviourDescriptor,43 : 44983 (True) - TGfxDescriptorPorteur,43 : 17392 (True) - TGfxDescriptorPorteur,147 : 45299 (True) - TWeaponModelHolder,Position,WeaponManager,Cadavre,Damage
33098,GroupeCombatController,146 : 45304 (False) - TUniteBehaviourDescriptor,43 : 44983 (True) - TGfxDescriptorPorteur,43 : 17392 (True) - TGfxDescriptorPorteur,147 : 45305 (True) - TWeaponModelHolder,Position,WeaponManager,Cadavre,Damage
33103,GroupeCombatController,146 : 45310 (False) - TUniteBehaviourDescriptor,43 : 44983 (True) - TGfxDescriptorPorteur,43 : 17392 (True) - TGfxDescriptorPorteur,147 : 45311 (True) - TWeaponModelHolder,Position,WeaponManager,Cadavre,Damage
33108,GroupeCombatController,146 : 45316 (False) - TUniteBehaviourDescriptor,43 : 44983 (True) - TGfxDescriptorPorteur,43 : 17392 (True) - TGfxDescriptorPorteur,147 : 45317 (True) - TWeaponModelHolder,Position,WeaponManager,Cadavre,Damage
33113,GroupeCombatController,146 : 45322 (False) - TUniteBehaviourDescriptor,43 : 44983 (True) - TGfxDescriptorPorteur,43 : 17392 (True) - TGfxDescriptorPorteur,147 : 45323 (True) - TWeaponModelHolder,Position,WeaponManager,Cadavre,Damage
33187,GroupeCombatController,146 : 45373 (False) - TUniteBehaviourDescriptor,43 : 44983 (True) - TGfxDescriptorPorteur,43 : 17392 (True) - TGfxDescriptorPorteur,147 : 45374 (True) - TWeaponModelHolder,Position,WeaponManager,Cadavre,Damage
33213,GroupeCombatController,146 : 45391 (False) - TUniteBehaviourDescriptor,43 : 44983 (True) - TGfxDescriptorPorteur,43 : 17392 (True) - TGfxDescriptorPorteur,147 : 45392 (True) - TWeaponModelHolder,Position,WeaponManager,Cadavre,Damage
33822,GroupeCombatController,146 : 45864 (False) - TUniteBehaviourDescriptor,43 : 44983 (True) - TGfxDescriptorPorteur,43 : 17392 (True) - TGfxDescriptorPorteur,147 : 45865 (True) - TWeaponModelHolder,Position,WeaponManager,Cadavre,Damage
33836,GroupeCombatController,146 : 45876 (False) - TUniteBehaviourDescriptor,43 : 44983 (True) - TGfxDescriptorPorteur,43 : 17392 (True) - TGfxDescriptorPorteur,147 : 45877 (True) - TWeaponModelHolder,Position,WeaponManager,Cadavre,Damage
33841,GroupeCombatController,146 : 45882 (False) - TUniteBehaviourDescriptor,43 : 44983 (True) - TGfxDescriptorPorteur,43 : 17392 (True) - TGfxDescriptorPorteur,147 : 45883 (True) - TWeaponModelHolder,Position,WeaponManager,Cadavre,Damage
33885,GroupeCombatController,146 : 45918 (False) - TUniteBehaviourDescriptor,43 : 44983 (True) - TGfxDescriptorPorteur,43 : 17392 (True) - TGfxDescriptorPorteur,147 : 45919 (True) - TWeaponModelHolder,Position,WeaponManager,Cadavre,Damage
33890,GroupeCombatController,146 : 45924 (False) - TUniteBehaviourDescriptor,43 : 44983 (True) - TGfxDescriptorPorteur,43 : 17392 (True) - TGfxDescriptorPorteur,147 : 45925 (True) - TWeaponModelHolder,Position,WeaponManager,Cadavre,Damage
33897,GroupeCombatController,146 : 45931 (False) - TUniteBehaviourDescriptor,43 : 44983 (True) - TGfxDescriptorPorteur,43 : 17392 (True) - TGfxDescriptorPorteur,147 : 45932 (True) - TWeaponModelHolder,Position,WeaponManager,Cadavre,Damage
33915,GroupeCombatController,146 : 45944 (False) - TUniteBehaviourDescriptor,43 : 44983 (True) - TGfxDescriptorPorteur,43 : 17392 (True) - TGfxDescriptorPorteur,147 : 45945 (True) - TWeaponModelHolder,Position,WeaponManager,Cadavre,Damage
33920,GroupeCombatController,146 : 45950 (False) - TUniteBehaviourDescriptor,43 : 44983 (True) - TGfxDescriptorPorteur,43 : 17392 (True) - TGfxDescriptorPorteur,147 : 45951 (True) - TWeaponModelHolder,Position,WeaponManager,Cadavre,Damage
33933,GroupeCombatController,146 : 45960 (False) - TUniteBehaviourDescriptor,43 : 44983 (True) - TGfxDescriptorPorteur,43 : 17392 (True) - TGfxDescriptorPorteur,147 : 45961 (True) - TWeaponModelHolder,Position,WeaponManager,Cadavre,Damage
33938,GroupeCombatController,146 : 45966 (False) - TUniteBehaviourDescriptor,43 : 44983 (True) - TGfxDescriptorPorteur,43 : 17392 (True) - TGfxDescriptorPorteur,147 : 45967 (True) - TWeaponModelHolder,Position,WeaponManager,Cadavre,Damage
33957,GroupeCombatController,146 : 45981 (False) - TUniteBehaviourDescriptor,43 : 44983 (True) - TGfxDescriptorPorteur,43 : 17392 (True) - TGfxDescriptorPorteur,147 : 45982 (True) - TWeaponModelHolder,Position,WeaponManager,Cadavre,Damage
33978,GroupeCombatController,146 : 45999 (False) - TUniteBehaviourDescriptor,43 : 44983 (True) - TGfxDescriptorPorteur,43 : 17392 (True) - TGfxDescriptorPorteur,147 : 46000 (True) - TWeaponModelHolder,Position,WeaponManager,Cadavre,Damage
34030,GroupeCombatController,146 : 46036 (False) - TUniteBehaviourDescriptor,43 : 44983 (True) - TGfxDescriptorPorteur,43 : 17392 (True) - TGfxDescriptorPorteur,147 : 46037 (True) - TWeaponModelHolder,Position,WeaponManager,Cadavre,Damage
34042,GroupeCombatController,146 : 46046 (False) - TUniteBehaviourDescriptor,43 : 44983 (True) - TGfxDescriptorPorteur,43 : 17392 (True) - TGfxDescriptorPorteur,147 : 46047 (True) - TWeaponModelHolder,Position,WeaponManager,Cadavre,Damage
34047,GroupeCombatController,146 : 46052 (False) - TUniteBehaviourDescriptor,43 : 44983 (True) - TGfxDescriptorPorteur,43 : 17392 (True) - TGfxDescriptorPorteur,147 : 46053 (True) - TWeaponModelHolder,Position,WeaponManager,Cadavre,Damage
34052,GroupeCombatController,146 : 46058 (False) - TUniteBehaviourDescriptor,43 : 44983 (True) - TGfxDescriptorPorteur,43 : 17392 (True) - TGfxDescriptorPorteur,147 : 46059 (True) - TWeaponModelHolder,Position,WeaponManager,Cadavre,Damage
34057,GroupeCombatController,146 : 46064 (False) - TUniteBehaviourDescriptor,43 : 44983 (True) - TGfxDescriptorPorteur,43 : 17392 (True) - TGfxDescriptorPorteur,147 : 46065 (True) - TWeaponModelHolder,Position,WeaponManager,Cadavre,Damage
34062,GroupeCombatController,146 : 46070 (False) - TUniteBehaviourDescriptor,43 : 44983 (True) - TGfxDescriptorPorteur,43 : 17392 (True) - TGfxDescriptorPorteur,147 : 46071 (True) - TWeaponModelHolder,Position,WeaponManager,Cadavre,Damage
34067,GroupeCombatController,146 : 46076 (False) - TUniteBehaviourDescriptor,43 : 44983 (True) - TGfxDescriptorPorteur,43 : 17392 (True) - TGfxDescriptorPorteur,147 : 46077 (True) - TWeaponModelHolder,Position,WeaponManager,Cadavre,Damage
34072,GroupeCombatController,146 : 46082 (False) - TUniteBehaviourDescriptor,43 : 44983 (True) - TGfxDescriptorPorteur,43 : 17392 (True) - TGfxDescriptorPorteur,147 : 46083 (True) - TWeaponModelHolder,Position,WeaponManager,Cadavre,Damage
34084,GroupeCombatController,146 : 46093 (False) - TUniteBehaviourDescriptor,43 : 44983 (True) - TGfxDescriptorPorteur,43 : 17392 (True) - TGfxDescriptorPorteur,147 : 46094 (True) - TWeaponModelHolder,Position,WeaponManager,Cadavre,Damage
34089,GroupeCombatController,146 : 46099 (False) - TUniteBehaviourDescriptor,43 : 44983 (True) - TGfxDescriptorPorteur,43 : 17392 (True) - TGfxDescriptorPorteur,147 : 46100 (True) - TWeaponModelHolder,Position,WeaponManager,Cadavre,Damage
34094,GroupeCombatController,146 : 46105 (False) - TUniteBehaviourDescriptor,43 : 44983 (True) - TGfxDescriptorPorteur,43 : 17392 (True) - TGfxDescriptorPorteur,147 : 46106 (True) - TWeaponModelHolder,Position,WeaponManager,Cadavre,Damage
34099,GroupeCombatController,146 : 46111 (False) - TUniteBehaviourDescriptor,43 : 44983 (True) - TGfxDescriptorPorteur,43 : 17392 (True) - TGfxDescriptorPorteur,147 : 46112 (True) - TWeaponModelHolder,Position,WeaponManager,Cadavre,Damage
34104,GroupeCombatController,146 : 46117 (False) - TUniteBehaviourDescriptor,43 : 44983 (True) - TGfxDescriptorPorteur,43 : 17392 (True) - TGfxDescriptorPorteur,147 : 46118 (True) - TWeaponModelHolder,Position,WeaponManager,Cadavre,Damage
34109,GroupeCombatController,146 : 46123 (False) - TUniteBehaviourDescriptor,43 : 44983 (True) - TGfxDescriptorPorteur,43 : 17392 (True) - TGfxDescriptorPorteur,147 : 46124 (True) - TWeaponModelHolder,Position,WeaponManager,Cadavre,Damage
34114,GroupeCombatController,146 : 46129 (False) - TUniteBehaviourDescriptor,43 : 44983 (True) - TGfxDescriptorPorteur,43 : 17392 (True) - TGfxDescriptorPorteur,147 : 46130 (True) - TWeaponModelHolder,Position,WeaponManager,Cadavre,Damage
34119,GroupeCombatController,146 : 46135 (False) - TUniteBehaviourDescriptor,43 : 44983 (True) - TGfxDescriptorPorteur,43 : 17392 (True) - TGfxDescriptorPorteur,147 : 46136 (True) - TWeaponModelHolder,Position,WeaponManager,Cadavre,Damage
34215,GroupeCombatController,146 : 46210 (False) - TUniteBehaviourDescriptor,43 : 44983 (True) - TGfxDescriptorPorteur,43 : 17392 (True) - TGfxDescriptorPorteur,147 : 46211 (True) - TWeaponModelHolder,Position,WeaponManager,Cadavre,Damage
34294,GroupeCombatController,146 : 46276 (False) - TUniteBehaviourDescriptor,43 : 44983 (True) - TGfxDescriptorPorteur,43 : 17392 (True) - TGfxDescriptorPorteur,147 : 46277 (True) - TWeaponModelHolder,Position,WeaponManager,Cadavre,Damage
34299,GroupeCombatController,146 : 46282 (False) - TUniteBehaviourDescriptor,43 : 44983 (True) - TGfxDescriptorPorteur,43 : 17392 (True) - TGfxDescriptorPorteur,147 : 46283 (True) - TWeaponModelHolder,Position,WeaponManager,Cadavre,Damage
34304,GroupeCombatController,146 : 46288 (False) - TUniteBehaviourDescriptor,43 : 44983 (True) - TGfxDescriptorPorteur,43 : 17392 (True) - TGfxDescriptorPorteur,147 : 46289 (True) - TWeaponModelHolder,Position,WeaponManager,Cadavre,Damage
34309,GroupeCombatController,146 : 46294 (False) - TUniteBehaviourDescriptor,43 : 44983 (True) - TGfxDescriptorPorteur,43 : 17392 (True) - TGfxDescriptorPorteur,147 : 46295 (True) - TWeaponModelHolder,Position,WeaponManager,Cadavre,Damage
34412,GroupeCombatController,146 : 46385 (False) - TUniteBehaviourDescriptor,43 : 44983 (True) - TGfxDescriptorPorteur,43 : 17392 (True) - TGfxDescriptorPorteur,147 : 46386 (True) - TWeaponModelHolder,Position,WeaponManager,Cadavre,Damage
34417,GroupeCombatController,146 : 46391 (False) - TUniteBehaviourDescriptor,43 : 44983 (True) - TGfxDescriptorPorteur,43 : 17392 (True) - TGfxDescriptorPorteur,147 : 46392 (True) - TWeaponModelHolder,Position,WeaponManager,Cadavre,Damage
34527,GroupeCombatController,146 : 46483 (False) - TUniteBehaviourDescriptor,43 : 44983 (True) - TGfxDescriptorPorteur,43 : 17392 (True) - TGfxDescriptorPorteur,147 : 46484 (True) - TWeaponModelHolder,Position,WeaponManager,Cadavre,Damage
34537,GroupeCombatController,146 : 46494 (False) - TUniteBehaviourDescriptor,43 : 44983 (True) - TGfxDescriptorPorteur,43 : 17392 (True) - TGfxDescriptorPorteur,147 : 46495 (True) - TWeaponModelHolder,Position,WeaponManager,Cadavre,Damage
34542,GroupeCombatController,146 : 46500 (False) - TUniteBehaviourDescriptor,43 : 44983 (True) - TGfxDescriptorPorteur,43 : 17392 (True) - TGfxDescriptorPorteur,147 : 46501 (True) - TWeaponModelHolder,Position,WeaponManager,Cadavre,Damage
34547,GroupeCombatController,146 : 46506 (False) - TUniteBehaviourDescriptor,43 : 44983 (True) - TGfxDescriptorPorteur,43 : 17392 (True) - TGfxDescriptorPorteur,147 : 46507 (True) - TWeaponModelHolder,Position,WeaponManager,Cadavre,Damage
34563,GroupeCombatController,146 : 46521 (False) - TUniteBehaviourDescriptor,43 : 44983 (True) - TGfxDescriptorPorteur,43 : 17392 (True) - TGfxDescriptorPorteur,147 : 46522 (True) - TWeaponModelHolder,Position,WeaponManager,Cadavre,Damage
34568,GroupeCombatController,146 : 46527 (False) - TUniteBehaviourDescriptor,43 : 44983 (True) - TGfxDescriptorPorteur,43 : 17392 (True) - TGfxDescriptorPorteur,147 : 46528 (True) - TWeaponModelHolder,Position,WeaponManager,Cadavre,Damage
34603,GroupeCombatController,146 : 46552 (False) - TUniteBehaviourDescriptor,43 : 44983 (True) - TGfxDescriptorPorteur,43 : 17392 (True) - TGfxDescriptorPorteur,147 : 46553 (True) - TWeaponModelHolder,Position,WeaponManager,Cadavre,Damage
34632,GroupeCombatController,146 : 46575 (False) - TUniteBehaviourDescriptor,43 : 44983 (True) - TGfxDescriptorPorteur,43 : 17392 (True) - TGfxDescriptorPorteur,147 : 46576 (True) - TWeaponModelHolder,Position,WeaponManager,Cadavre,Damage
34650,GroupeCombatController,146 : 46587 (False) - TUniteBehaviourDescriptor,43 : 44983 (True) - TGfxDescriptorPorteur,43 : 17392 (True) - TGfxDescriptorPorteur,147 : 46588 (True) - TWeaponModelHolder,Position,WeaponManager,Cadavre,Damage
34655,GroupeCombatController,146 : 46593 (False) - TUniteBehaviourDescriptor,43 : 44983 (True) - TGfxDescriptorPorteur,43 : 17392 (True) - TGfxDescriptorPorteur,147 : 46594 (True) - TWeaponModelHolder,Position,WeaponManager,Cadavre,Damage
34660,GroupeCombatController,146 : 46599 (False) - TUniteBehaviourDescriptor,43 : 44983 (True) - TGfxDescriptorPorteur,43 : 17392 (True) - TGfxDescriptorPorteur,147 : 46600 (True) - TWeaponModelHolder,Position,WeaponManager,Cadavre,Damage
34665,GroupeCombatController,146 : 46605 (False) - TUniteBehaviourDescriptor,43 : 44983 (True) - TGfxDescriptorPorteur,43 : 17392 (True) - TGfxDescriptorPorteur,147 : 46606 (True) - TWeaponModelHolder,Position,WeaponManager,Cadavre,Damage
34670,GroupeCombatController,146 : 46611 (False) - TUniteBehaviourDescriptor,43 : 44983 (True) - TGfxDescriptorPorteur,43 : 17392 (True) - TGfxDescriptorPorteur,147 : 46612 (True) - TWeaponModelHolder,Position,WeaponManager,Cadavre,Damage
34675,GroupeCombatController,146 : 46617 (False) - TUniteBehaviourDescriptor,43 : 44983 (True) - TGfxDescriptorPorteur,43 : 17392 (True) - TGfxDescriptorPorteur,147 : 46618 (True) - TWeaponModelHolder,Position,WeaponManager,Cadavre,Damage
34819,GroupeCombatController,146 : 46722 (False) - TUniteBehaviourDescriptor,43 : 44983 (True) - TGfxDescriptorPorteur,43 : 17392 (True) - TGfxDescriptorPorteur,147 : 46723 (True) - TWeaponModelHolder,Position,WeaponManager,Cadavre,Damage
34824,GroupeCombatController,146 : 46728 (False) - TUniteBehaviourDescriptor,43 : 44983 (True) - TGfxDescriptorPorteur,43 : 17392 (True) - TGfxDescriptorPorteur,147 : 46729 (True) - TWeaponModelHolder,Position,WeaponManager,Cadavre,Damage
34830,GroupeCombatController,146 : 46734 (False) - TUniteBehaviourDescriptor,43 : 44983 (True) - TGfxDescriptorPorteur,43 : 17392 (True) - TGfxDescriptorPorteur,147 : 46735 (True) - TWeaponModelHolder,Position,WeaponManager,Cadavre,Damage
34835,GroupeCombatController,146 : 46740 (False) - TUniteBehaviourDescriptor,43 : 44983 (True) - TGfxDescriptorPorteur,43 : 17392 (True) - TGfxDescriptorPorteur,147 : 46741 (True) - TWeaponModelHolder,Position,WeaponManager,Cadavre,Damage
34840,GroupeCombatController,146 : 46746 (False) - TUniteBehaviourDescriptor,43 : 44983 (True) - TGfxDescriptorPorteur,43 : 17392 (True) - TGfxDescriptorPorteur,147 : 46747 (True) - TWeaponModelHolder,Position,WeaponManager,Cadavre,Damage
34845,GroupeCombatController,146 : 46752 (False) - TUniteBehaviourDescriptor,43 : 44983 (True) - TGfxDescriptorPorteur,43 : 17392 (True) - TGfxDescriptorPorteur,147 : 46753 (True) - TWeaponModelHolder,Position,WeaponManager,Cadavre,Damage
34898,GroupeCombatController,146 : 46793 (False) - TUniteBehaviourDescriptor,43 : 44983 (True) - TGfxDescriptorPorteur,43 : 17392 (True) - TGfxDescriptorPorteur,147 : 46794 (True) - TWeaponModelHolder,Position,WeaponManager,Cadavre,Damage
34913,GroupeCombatController,146 : 46807 (False) - TUniteBehaviourDescriptor,43 : 44983 (True) - TGfxDescriptorPorteur,43 : 17392 (True) - TGfxDescriptorPorteur,147 : 46808 (True) - TWeaponModelHolder,Position,WeaponManager,Cadavre,Damage
34966,GroupeCombatController,146 : 46848 (False) - TUniteBehaviourDescriptor,43 : 44983 (True) - TGfxDescriptorPorteur,43 : 17392 (True) - TGfxDescriptorPorteur,147 : 46849 (True) - TWeaponModelHolder,Position,WeaponManager,Cadavre,Damage
34971,GroupeCombatController,146 : 46854 (False) - TUniteBehaviourDescriptor,43 : 44983 (True) - TGfxDescriptorPorteur,43 : 17392 (True) - TGfxDescriptorPorteur,147 : 46855 (True) - TWeaponModelHolder,Position,WeaponManager,Cadavre,Damage
34976,GroupeCombatController,146 : 46860 (False) - TUniteBehaviourDescriptor,43 : 44983 (True) - TGfxDescriptorPorteur,43 : 17392 (True) - TGfxDescriptorPorteur,147 : 46861 (True) - TWeaponModelHolder,Position,WeaponManager,Cadavre,Damage
34992,GroupeCombatController,146 : 46873 (False) - TUniteBehaviourDescriptor,43 : 44983 (True) - TGfxDescriptorPorteur,43 : 17392 (True) - TGfxDescriptorPorteur,147 : 46874 (True) - TWeaponModelHolder,Position,WeaponManager,Cadavre,Damage
35019,GroupeCombatController,146 : 46893 (False) - TUniteBehaviourDescriptor,43 : 44983 (True) - TGfxDescriptorPorteur,43 : 17392 (True) - TGfxDescriptorPorteur,147 : 46894 (True) - TWeaponModelHolder,Position,WeaponManager,Cadavre,Damage
35030,GroupeCombatController,146 : 46904 (False) - TUniteBehaviourDescriptor,43 : 44983 (True) - TGfxDescriptorPorteur,43 : 17392 (True) - TGfxDescriptorPorteur,147 : 46905 (True) - TWeaponModelHolder,Position,WeaponManager,Cadavre,Damage
35035,GroupeCombatController,146 : 46910 (False) - TUniteBehaviourDescriptor,43 : 44983 (True) - TGfxDescriptorPorteur,43 : 17392 (True) - TGfxDescriptorPorteur,147 : 46911 (True) - TWeaponModelHolder,Position,WeaponManager,Cadavre,Damage
35040,GroupeCombatController,146 : 46916 (False) - TUniteBehaviourDescriptor,43 : 44983 (True) - TGfxDescriptorPorteur,43 : 17392 (True) - TGfxDescriptorPorteur,147 : 46917 (True) - TWeaponModelHolder,Position,WeaponManager,Cadavre,Damage
35045,GroupeCombatController,146 : 46922 (False) - TUniteBehaviourDescriptor,43 : 44983 (True) - TGfxDescriptorPorteur,43 : 17392 (True) - TGfxDescriptorPorteur,147 : 46923 (True) - TWeaponModelHolder,Position,WeaponManager,Cadavre,Damage
35050,GroupeCombatController,146 : 46928 (False) - TUniteBehaviourDescriptor,43 : 44983 (True) - TGfxDescriptorPorteur,43 : 17392 (True) - TGfxDescriptorPorteur,147 : 46929 (True) - TWeaponModelHolder,Position,WeaponManager,Cadavre,Damage
35065,GroupeCombatController,146 : 46942 (False) - TUniteBehaviourDescriptor,43 : 44983 (True) - TGfxDescriptorPorteur,43 : 17392 (True) - TGfxDescriptorPorteur,147 : 46943 (True) - TWeaponModelHolder,Position,WeaponManager,Cadavre,Damage
35070,GroupeCombatController,146 : 46948 (False) - TUniteBehaviourDescriptor,43 : 44983 (True) - TGfxDescriptorPorteur,43 : 17392 (True) - TGfxDescriptorPorteur,147 : 46949 (True) - TWeaponModelHolder,Position,WeaponManager,Cadavre,Damage
35075,GroupeCombatController,146 : 46954 (False) - TUniteBehaviourDescriptor,43 : 44983 (True) - TGfxDescriptorPorteur,43 : 17392 (True) - TGfxDescriptorPorteur,147 : 46955 (True) - TWeaponModelHolder,Position,WeaponManager,Cadavre,Damage
35080,GroupeCombatController,146 : 46960 (False) - TUniteBehaviourDescriptor,43 : 44983 (True) - TGfxDescriptorPorteur,43 : 17392 (True) - TGfxDescriptorPorteur,147 : 46961 (True) - TWeaponModelHolder,Position,WeaponManager,Cadavre,Damage
35085,GroupeCombatController,146 : 46966 (False) - TUniteBehaviourDescriptor,43 : 44983 (True) - TGfxDescriptorPorteur,43 : 17392 (True) - TGfxDescriptorPorteur,147 : 46967 (True) - TWeaponModelHolder,Position,WeaponManager,Cadavre,Damage
35090,GroupeCombatController,146 : 46972 (False) - TUniteBehaviourDescriptor,43 : 44983 (True) - TGfxDescriptorPorteur,43 : 17392 (True) - TGfxDescriptorPorteur,147 : 46973 (True) - TWeaponModelHolder,Position,WeaponManager,Cadavre,Damage
35095,GroupeCombatController,146 : 46978 (False) - TUniteBehaviourDescriptor,43 : 44983 (True) - TGfxDescriptorPorteur,43 : 17392 (True) - TGfxDescriptorPorteur,147 : 46979 (True) - TWeaponModelHolder,Position,WeaponManager,Cadavre,Damage
35140,GroupeCombatController,146 : 47009 (False) - TUniteBehaviourDescriptor,43 : 44983 (True) - TGfxDescriptorPorteur,43 : 17392 (True) - TGfxDescriptorPorteur,147 : 47010 (True) - TWeaponModelHolder,Position,WeaponManager,Cadavre,Damage
35167,GroupeCombatController,146 : 47031 (False) - TUniteBehaviourDescriptor,43 : 44983 (True) - TGfxDescriptorPorteur,43 : 17392 (True) - TGfxDescriptorPorteur,147 : 47032 (True) - TWeaponModelHolder,Position,WeaponManager,Cadavre,Damage
35172,GroupeCombatController,146 : 47037 (False) - TUniteBehaviourDescriptor,43 : 44983 (True) - TGfxDescriptorPorteur,43 : 17392 (True) - TGfxDescriptorPorteur,147 : 47038 (True) - TWeaponModelHolder,Position,WeaponManager,Cadavre,Damage
35177,GroupeCombatController,146 : 47043 (False) - TUniteBehaviourDescriptor,43 : 44983 (True) - TGfxDescriptorPorteur,43 : 17392 (True) - TGfxDescriptorPorteur,147 : 47044 (True) - TWeaponModelHolder,Position,WeaponManager,Cadavre,Damage
35182,GroupeCombatController,146 : 47049 (False) - TUniteBehaviourDescriptor,43 : 44983 (True) - TGfxDescriptorPorteur,43 : 17392 (True) - TGfxDescriptorPorteur,147 : 47050 (True) - TWeaponModelHolder,Position,WeaponManager,Cadavre,Damage
35187,GroupeCombatController,146 : 47055 (False) - TUniteBehaviourDescriptor,43 : 44983 (True) - TGfxDescriptorPorteur,43 : 17392 (True) - TGfxDescriptorPorteur,147 : 47056 (True) - TWeaponModelHolder,Position,WeaponManager,Cadavre,Damage
35192,GroupeCombatController,146 : 47061 (False) - TUniteBehaviourDescriptor,43 : 44983 (True) - TGfxDescriptorPorteur,43 : 17392 (True) - TGfxDescriptorPorteur,147 : 47062 (True) - TWeaponModelHolder,Position,WeaponManager,Cadavre,Damage
35203,GroupeCombatController,146 : 47071 (False) - TUniteBehaviourDescriptor,43 : 44983 (True) - TGfxDescriptorPorteur,43 : 17392 (True) - TGfxDescriptorPorteur,147 : 47072 (True) - TWeaponModelHolder,Position,WeaponManager,Cadavre,Damage
35208,GroupeCombatController,146 : 47077 (False) - TUniteBehaviourDescriptor,43 : 44983 (True) - TGfxDescriptorPorteur,43 : 17392 (True) - TGfxDescriptorPorteur,147 : 47078 (True) - TWeaponModelHolder,Position,WeaponManager,Cadavre,Damage
35231,GroupeCombatController,146 : 47098 (False) - TUniteBehaviourDescriptor,43 : 44983 (True) - TGfxDescriptorPorteur,43 : 17392 (True) - TGfxDescriptorPorteur,147 : 47099 (True) - TWeaponModelHolder,Position,WeaponManager,Cadavre,Damage
35249,GroupeCombatController,146 : 47113 (False) - TUniteBehaviourDescriptor,43 : 44983 (True) - TGfxDescriptorPorteur,43 : 17392 (True) - TGfxDescriptorPorteur,147 : 47114 (True) - TWeaponModelHolder,Position,WeaponManager,Cadavre,Damage
35301,GroupeCombatController,146 : 47155 (False) - TUniteBehaviourDescriptor,43 : 44983 (True) - TGfxDescriptorPorteur,43 : 17392 (True) - TGfxDescriptorPorteur,147 : 47156 (True) - TWeaponModelHolder,Position,WeaponManager,Cadavre,Damage
35306,GroupeCombatController,146 : 47161 (False) - TUniteBehaviourDescriptor,43 : 44983 (True) - TGfxDescriptorPorteur,43 : 17392 (True) - TGfxDescriptorPorteur,147 : 47162 (True) - TWeaponModelHolder,Position,WeaponManager,Cadavre,Damage
35325,GroupeCombatController,146 : 47178 (False) - TUniteBehaviourDescriptor,43 : 44983 (True) - TGfxDescriptorPorteur,43 : 17392 (True) - TGfxDescriptorPorteur,147 : 47179 (True) - TWeaponModelHolder,Position,WeaponManager,Cadavre,Damage
35338,GroupeCombatController,146 : 47188 (False) - TUniteBehaviourDescriptor,43 : 44983 (True) - TGfxDescriptorPorteur,43 : 17392 (True) - TGfxDescriptorPorteur,147 : 47189 (True) - TWeaponModelHolder,Position,WeaponManager,Cadavre,Damage
35343,GroupeCombatController,146 : 47194 (False) - TUniteBehaviourDescriptor,43 : 44983 (True) - TGfxDescriptorPorteur,43 : 17392 (True) - TGfxDescriptorPorteur,147 : 47195 (True) - TWeaponModelHolder,Position,WeaponManager,Cadavre,Damage
35348,GroupeCombatController,146 : 47200 (False) - TUniteBehaviourDescriptor,43 : 44983 (True) - TGfxDescriptorPorteur,43 : 17392 (True) - TGfxDescriptorPorteur,147 : 47201 (True) - TWeaponModelHolder,Position,WeaponManager,Cadavre,Damage
35362,GroupeCombatController,146 : 47213 (False) - TUniteBehaviourDescriptor,43 : 44983 (True) - TGfxDescriptorPorteur,43 : 17392 (True) - TGfxDescriptorPorteur,147 : 47214 (True) - TWeaponModelHolder,Position,WeaponManager,Cadavre,Damage
35367,GroupeCombatController,146 : 47219 (False) - TUniteBehaviourDescriptor,43 : 44983 (True) - TGfxDescriptorPorteur,43 : 17392 (True) - TGfxDescriptorPorteur,147 : 47220 (True) - TWeaponModelHolder,Position,WeaponManager,Cadavre,Damage
35380,GroupeCombatController,146 : 47230 (False) - TUniteBehaviourDescriptor,43 : 44983 (True) - TGfxDescriptorPorteur,43 : 17392 (True) - TGfxDescriptorPorteur,147 : 47231 (True) - TWeaponModelHolder,Position,WeaponManager,Cadavre,Damage
35385,GroupeCombatController,146 : 47236 (False) - TUniteBehaviourDescriptor,43 : 44983 (True) - TGfxDescriptorPorteur,43 : 17392 (True) - TGfxDescriptorPorteur,147 : 47237 (True) - TWeaponModelHolder,Position,WeaponManager,Cadavre,Damage
35390,GroupeCombatController,146 : 47242 (False) - TUniteBehaviourDescriptor,43 : 44983 (True) - TGfxDescriptorPorteur,43 : 17392 (True) - TGfxDescriptorPorteur,147 : 47243 (True) - TWeaponModelHolder,Position,WeaponManager,Cadavre,Damage
35395,GroupeCombatController,146 : 47248 (False) - TUniteBehaviourDescriptor,43 : 44983 (True) - TGfxDescriptorPorteur,43 : 17392 (True) - TGfxDescriptorPorteur,147 : 47249 (True) - TWeaponModelHolder,Position,WeaponManager,Cadavre,Damage
35400,GroupeCombatController,146 : 47254 (False) - TUniteBehaviourDescriptor,43 : 44983 (True) - TGfxDescriptorPorteur,43 : 17392 (True) - TGfxDescriptorPorteur,147 : 47255 (True) - TWeaponModelHolder,Position,WeaponManager,Cadavre,Damage
35405,GroupeCombatController,146 : 47260 (False) - TUniteBehaviourDescriptor,43 : 44983 (True) - TGfxDescriptorPorteur,43 : 17392 (True) - TGfxDescriptorPorteur,147 : 47261 (True) - TWeaponModelHolder,Position,WeaponManager,Cadavre,Damage
35410,GroupeCombatController,146 : 47266 (False) - TUniteBehaviourDescriptor,43 : 44983 (True) - TGfxDescriptorPorteur,43 : 17392 (True) - TGfxDescriptorPorteur,147 : 47267 (True) - TWeaponModelHolder,Position,WeaponManager,Cadavre,Damage
35415,GroupeCombatController,146 : 47272 (False) - TUniteBehaviourDescriptor,43 : 44983 (True) - TGfxDescriptorPorteur,43 : 17392 (True) - TGfxDescriptorPorteur,147 : 47273 (True) - TWeaponModelHolder,Position,WeaponManager,Cadavre,Damage
35420,GroupeCombatController,146 : 47278 (False) - TUniteBehaviourDescriptor,43 : 44983 (True) - TGfxDescriptorPorteur,43 : 17392 (True) - TGfxDescriptorPorteur,147 : 47279 (True) - TWeaponModelHolder,Position,WeaponManager,Cadavre,Damage
35425,GroupeCombatController,146 : 47284 (False) - TUniteBehaviourDescriptor,43 : 44983 (True) - TGfxDescriptorPorteur,43 : 17392 (True) - TGfxDescriptorPorteur,147 : 47285 (True) - TWeaponModelHolder,Position,WeaponManager,Cadavre,Damage
35430,GroupeCombatController,146 : 47290 (False) - TUniteBehaviourDescriptor,43 : 44983 (True) - TGfxDescriptorPorteur,43 : 17392 (True) - TGfxDescriptorPorteur,147 : 47291 (True) - TWeaponModelHolder,Position,WeaponManager,Cadavre,Damage
35435,GroupeCombatController,146 : 47296 (False) - TUniteBehaviourDescriptor,43 : 44983 (True) - TGfxDescriptorPorteur,43 : 17392 (True) - TGfxDescriptorPorteur,147 : 47297 (True) - TWeaponModelHolder,Position,WeaponManager,Cadavre,Damage
35440,GroupeCombatController,146 : 47302 (False) - TUniteBehaviourDescriptor,43 : 44983 (True) - TGfxDescriptorPorteur,43 : 17392 (True) - TGfxDescriptorPorteur,147 : 47303 (True) - TWeaponModelHolder,Position,WeaponManager,Cadavre,Damage
35445,GroupeCombatController,146 : 47308 (False) - TUniteBehaviourDescriptor,43 : 44983 (True) - TGfxDescriptorPorteur,43 : 17392 (True) - TGfxDescriptorPorteur,147 : 47309 (True) - TWeaponModelHolder,Position,WeaponManager,Cadavre,Damage
35464,GroupeCombatController,146 : 47326 (False) - TUniteBehaviourDescriptor,43 : 44983 (True) - TGfxDescriptorPorteur,43 : 17392 (True) - TGfxDescriptorPorteur,147 : 47327 (True) - TWeaponModelHolder,Position,WeaponManager,Cadavre,Damage
35538,GroupeCombatController,146 : 47391 (False) - TUniteBehaviourDescriptor,43 : 44983 (True) - TGfxDescriptorPorteur,43 : 17392 (True) - TGfxDescriptorPorteur,147 : 47392 (True) - TWeaponModelHolder,Position,WeaponManager,Cadavre,Damage
35665,GroupeCombatController,146 : 47494 (False) - TUniteBehaviourDescriptor,43 : 44983 (True) - TGfxDescriptorPorteur,43 : 17392 (True) - TGfxDescriptorPorteur,147 : 47495 (True) - TWeaponModelHolder,Position,WeaponManager,Cadavre,Damage
35675,GroupeCombatController,146 : 47504 (False) - TUniteBehaviourDescriptor,43 : 44983 (True) - TGfxDescriptorPorteur,43 : 17392 (True) - TGfxDescriptorPorteur,147 : 47505 (True) - TWeaponModelHolder,Position,WeaponManager,Cadavre,Damage
35703,GroupeCombatController,146 : 47527 (False) - TUniteBehaviourDescriptor,43 : 44983 (True) - TGfxDescriptorPorteur,43 : 17392 (True) - TGfxDescriptorPorteur,147 : 47528 (True) - TWeaponModelHolder,Position,WeaponManager,Cadavre,Damage
35709,GroupeCombatController,146 : 47533 (False) - TUniteBehaviourDescriptor,43 : 44983 (True) - TGfxDescriptorPorteur,43 : 17392 (True) - TGfxDescriptorPorteur,147 : 47534 (True) - TWeaponModelHolder,Position,WeaponManager,Cadavre,Damage
35714,GroupeCombatController,146 : 47539 (False) - TUniteBehaviourDescriptor,43 : 44983 (True) - TGfxDescriptorPorteur,43 : 17392 (True) - TGfxDescriptorPorteur,147 : 47540 (True) - TWeaponModelHolder,Position,WeaponManager,Cadavre,Damage
35719,GroupeCombatController,146 : 47545 (False) - TUniteBehaviourDescriptor,43 : 44983 (True) - TGfxDescriptorPorteur,43 : 17392 (True) - TGfxDescriptorPorteur,147 : 47546 (True) - TWeaponModelHolder,Position,WeaponManager,Cadavre,Damage
35724,GroupeCombatController,146 : 47551 (False) - TUniteBehaviourDescriptor,43 : 44983 (True) - TGfxDescriptorPorteur,43 : 17392 (True) - TGfxDescriptorPorteur,147 : 47552 (True) - TWeaponModelHolder,Position,WeaponManager,Cadavre,Damage
35729,GroupeCombatController,146 : 47557 (False) - TUniteBehaviourDescriptor,43 : 44983 (True) - TGfxDescriptorPorteur,43 : 17392 (True) - TGfxDescriptorPorteur,147 : 47558 (True) - TWeaponModelHolder,Position,WeaponManager,Cadavre,Damage
35734,GroupeCombatController,146 : 47563 (False) - TUniteBehaviourDescriptor,43 : 44983 (True) - TGfxDescriptorPorteur,43 : 17392 (True) - TGfxDescriptorPorteur,147 : 47564 (True) - TWeaponModelHolder,Position,WeaponManager,Cadavre,Damage
35739,GroupeCombatController,146 : 47569 (False) - TUniteBehaviourDescriptor,43 : 44983 (True) - TGfxDescriptorPorteur,43 : 17392 (True) - TGfxDescriptorPorteur,147 : 47570 (True) - TWeaponModelHolder,Position,WeaponManager,Cadavre,Damage
35744,GroupeCombatController,146 : 47575 (False) - TUniteBehaviourDescriptor,43 : 44983 (True) - TGfxDescriptorPorteur,43 : 17392 (True) - TGfxDescriptorPorteur,147 : 47576 (True) - TWeaponModelHolder,Position,WeaponManager,Cadavre,Damage
35794,GroupeCombatController,146 : 47624 (False) - TUniteBehaviourDescriptor,43 : 44983 (True) - TGfxDescriptorPorteur,43 : 17392 (True) - TGfxDescriptorPorteur,147 : 47625 (True) - TWeaponModelHolder,Position,WeaponManager,Cadavre,Damage
35799,GroupeCombatController,146 : 47630 (False) - TUniteBehaviourDescriptor,43 : 44983 (True) - TGfxDescriptorPorteur,43 : 17392 (True) - TGfxDescriptorPorteur,147 : 47631 (True) - TWeaponModelHolder,Position,WeaponManager,Cadavre,Damage
35835,GroupeCombatController,146 : 47660 (False) - TUniteBehaviourDescriptor,43 : 44983 (True) - TGfxDescriptorPorteur,43 : 17392 (True) - TGfxDescriptorPorteur,147 : 47661 (True) - TWeaponModelHolder,Position,WeaponManager,Cadavre,Damage
35840,GroupeCombatController,146 : 47666 (False) - TUniteBehaviourDescriptor,43 : 44983 (True) - TGfxDescriptorPorteur,43 : 17392 (True) - TGfxDescriptorPorteur,147 : 47667 (True) - TWeaponModelHolder,Position,WeaponManager,Cadavre,Damage
35845,GroupeCombatController,146 : 47672 (False) - TUniteBehaviourDescriptor,43 : 44983 (True) - TGfxDescriptorPorteur,43 : 17392 (True) - TGfxDescriptorPorteur,147 : 47673 (True) - TWeaponModelHolder,Position,WeaponManager,Cadavre,Damage
35850,GroupeCombatController,146 : 47678 (False) - TUniteBehaviourDescriptor,43 : 44983 (True) - TGfxDescriptorPorteur,43 : 17392 (True) - TGfxDescriptorPorteur,147 : 47679 (True) - TWeaponModelHolder,Position,WeaponManager,Cadavre,Damage
35911,GroupeCombatController,146 : 47728 (False) - TUniteBehaviourDescriptor,43 : 44983 (True) - TGfxDescriptorPorteur,43 : 17392 (True) - TGfxDescriptorPorteur,147 : 47729 (True) - TWeaponModelHolder,Position,WeaponManager,Cadavre,Damage
35916,GroupeCombatController,146 : 47734 (False) - TUniteBehaviourDescriptor,43 : 44983 (True) - TGfxDescriptorPorteur,43 : 17392 (True) - TGfxDescriptorPorteur,147 : 47735 (True) - TWeaponModelHolder,Position,WeaponManager,Cadavre,Damage
35934,GroupeCombatController,146 : 47750 (False) - TUniteBehaviourDescriptor,43 : 44983 (True) - TGfxDescriptorPorteur,43 : 17392 (True) - TGfxDescriptorPorteur,147 : 47751 (True) - TWeaponModelHolder,Position,WeaponManager,Cadavre,Damage
35996,GroupeCombatController,146 : 47803 (False) - TUniteBehaviourDescriptor,43 : 44983 (True) - TGfxDescriptorPorteur,43 : 17392 (True) - TGfxDescriptorPorteur,147 : 47804 (True) - TWeaponModelHolder,Position,WeaponManager,Cadavre,Damage
36001,GroupeCombatController,146 : 47809 (False) - TUniteBehaviourDescriptor,43 : 44983 (True) - TGfxDescriptorPorteur,43 : 17392 (True) - TGfxDescriptorPorteur,147 : 47810 (True) - TWeaponModelHolder,Position,WeaponManager,Cadavre,Damage
36006,GroupeCombatController,146 : 47815 (False) - TUniteBehaviourDescriptor,43 : 44983 (True) - TGfxDescriptorPorteur,43 : 17392 (True) - TGfxDescriptorPorteur,147 : 47816 (True) - TWeaponModelHolder,Position,WeaponManager,Cadavre,Damage
36011,GroupeCombatController,146 : 47821 (False) - TUniteBehaviourDescriptor,43 : 44983 (True) - TGfxDescriptorPorteur,43 : 17392 (True) - TGfxDescriptorPorteur,147 : 47822 (True) - TWeaponModelHolder,Position,WeaponManager,Cadavre,Damage
36155,GroupeCombatController,146 : 47965 (False) - TUniteBehaviourDescriptor,43 : 44983 (True) - TGfxDescriptorPorteur,43 : 17392 (True) - TGfxDescriptorPorteur,147 : 47966 (True) - TWeaponModelHolder,Position,WeaponManager,Cadavre,Damage
36160,GroupeCombatController,146 : 47971 (False) - TUniteBehaviourDescriptor,43 : 44983 (True) - TGfxDescriptorPorteur,43 : 17392 (True) - TGfxDescriptorPorteur,147 : 47972 (True) - TWeaponModelHolder,Position,WeaponManager,Cadavre,Damage
37079,GroupeCombatController,146 : 48748 (False) - TUniteBehaviourDescriptor,43 : 44983 (True) - TGfxDescriptorPorteur,43 : 17392 (True) - TGfxDescriptorPorteur,147 : 48749 (True) - TWeaponModelHolder,Position,WeaponManager,Cadavre,Damage
37120,GroupeCombatController,146 : 48782 (False) - TUniteBehaviourDescriptor,43 : 44983 (True) - TGfxDescriptorPorteur,43 : 17392 (True) - TGfxDescriptorPorteur,147 : 48783 (True) - TWeaponModelHolder,Position,WeaponManager,Cadavre,Damage
37168,GroupeCombatController,146 : 48821 (False) - TUniteBehaviourDescriptor,43 : 44983 (True) - TGfxDescriptorPorteur,43 : 17392 (True) - TGfxDescriptorPorteur,147 : 48822 (True) - TWeaponModelHolder,Position,WeaponManager,Cadavre,Damage
37173,GroupeCombatController,146 : 48827 (False) - TUniteBehaviourDescriptor,43 : 44983 (True) - TGfxDescriptorPorteur,43 : 17392 (True) - TGfxDescriptorPorteur,147 : 48828 (True) - TWeaponModelHolder,Position,WeaponManager,Cadavre,Damage
37260,GroupeCombatController,146 : 48902 (False) - TUniteBehaviourDescriptor,43 : 44983 (True) - TGfxDescriptorPorteur,43 : 17392 (True) - TGfxDescriptorPorteur,147 : 48903 (True) - TWeaponModelHolder,Position,WeaponManager,Cadavre,Damage
37270,GroupeCombatController,146 : 48912 (False) - TUniteBehaviourDescriptor,43 : 44983 (True) - TGfxDescriptorPorteur,43 : 17392 (True) - TGfxDescriptorPorteur,147 : 48913 (True) - TWeaponModelHolder,Position,WeaponManager,Cadavre,Damage
37323,GroupeCombatController,146 : 48953 (False) - TUniteBehaviourDescriptor,43 : 44983 (True) - TGfxDescriptorPorteur,43 : 17392 (True) - TGfxDescriptorPorteur,147 : 48954 (True) - TWeaponModelHolder,Position,WeaponManager,Cadavre,Damage
37328,GroupeCombatController,146 : 48959 (False) - TUniteBehaviourDescriptor,43 : 44983 (True) - TGfxDescriptorPorteur,43 : 17392 (True) - TGfxDescriptorPorteur,147 : 48960 (True) - TWeaponModelHolder,Position,WeaponManager,Cadavre,Damage
37333,GroupeCombatController,146 : 48965 (False) - TUniteBehaviourDescriptor,43 : 44983 (True) - TGfxDescriptorPorteur,43 : 17392 (True) - TGfxDescriptorPorteur,147 : 48966 (True) - TWeaponModelHolder,Position,WeaponManager,Cadavre,Damage
37338,GroupeCombatController,146 : 48971 (False) - TUniteBehaviourDescriptor,43 : 44983 (True) - TGfxDescriptorPorteur,43 : 17392 (True) - TGfxDescriptorPorteur,147 : 48972 (True) - TWeaponModelHolder,Position,WeaponManager,Cadavre,Damage
37381,GroupeCombatController,146 : 49016 (False) - TUniteBehaviourDescriptor,43 : 44983 (True) - TGfxDescriptorPorteur,43 : 17392 (True) - TGfxDescriptorPorteur,147 : 49017 (True) - TWeaponModelHolder,Position,WeaponManager,Cadavre,Damage
37386,GroupeCombatController,146 : 49022 (False) - TUniteBehaviourDescriptor,43 : 44983 (True) - TGfxDescriptorPorteur,43 : 17392 (True) - TGfxDescriptorPorteur,147 : 49023 (True) - TWeaponModelHolder,Position,WeaponManager,Cadavre,Damage
37397,GroupeCombatController,146 : 49031 (False) - TUniteBehaviourDescriptor,43 : 44983 (True) - TGfxDescriptorPorteur,43 : 17392 (True) - TGfxDescriptorPorteur,147 : 49032 (True) - TWeaponModelHolder,Position,WeaponManager,Cadavre,Damage
37402,GroupeCombatController,146 : 49037 (False) - TUniteBehaviourDescriptor,43 : 44983 (True) - TGfxDescriptorPorteur,43 : 17392 (True) - TGfxDescriptorPorteur,147 : 49038 (True) - TWeaponModelHolder,Position,WeaponManager,Cadavre,Damage
37407,GroupeCombatController,146 : 49043 (False) - TUniteBehaviourDescriptor,43 : 44983 (True) - TGfxDescriptorPorteur,43 : 17392 (True) - TGfxDescriptorPorteur,147 : 49044 (True) - TWeaponModelHolder,Position,WeaponManager,Cadavre,Damage
37412,GroupeCombatController,146 : 49049 (False) - TUniteBehaviourDescriptor,43 : 44983 (True) - TGfxDescriptorPorteur,43 : 17392 (True) - TGfxDescriptorPorteur,147 : 49050 (True) - TWeaponModelHolder,Position,WeaponManager,Cadavre,Damage
37433,GroupeCombatController,146 : 49068 (False) - TUniteBehaviourDescriptor,43 : 44983 (True) - TGfxDescriptorPorteur,43 : 17392 (True) - TGfxDescriptorPorteur,147 : 49069 (True) - TWeaponModelHolder,Position,WeaponManager,Cadavre,Damage
37438,GroupeCombatController,146 : 49074 (False) - TUniteBehaviourDescriptor,43 : 44983 (True) - TGfxDescriptorPorteur,43 : 17392 (True) - TGfxDescriptorPorteur,147 : 49075 (True) - TWeaponModelHolder,Position,WeaponManager,Cadavre,Damage
37443,GroupeCombatController,146 : 49080 (False) - TUniteBehaviourDescriptor,43 : 44983 (True) - TGfxDescriptorPorteur,43 : 17392 (True) - TGfxDescriptorPorteur,147 : 49081 (True) - TWeaponModelHolder,Position,WeaponManager,Cadavre,Damage
37448,GroupeCombatController,146 : 49086 (False) - TUniteBehaviourDescriptor,43 : 44983 (True) - TGfxDescriptorPorteur,43 : 17392 (True) - TGfxDescriptorPorteur,147 : 49087 (True) - TWeaponModelHolder,Position,WeaponManager,Cadavre,Damage
37453,GroupeCombatController,146 : 49092 (False) - TUniteBehaviourDescriptor,43 : 44983 (True) - TGfxDescriptorPorteur,43 : 17392 (True) - TGfxDescriptorPorteur,147 : 49093 (True) - TWeaponModelHolder,Position,WeaponManager,Cadavre,Damage
37465,GroupeCombatController,146 : 49103 (False) - TUniteBehaviourDescriptor,43 : 44983 (True) - TGfxDescriptorPorteur,43 : 17392 (True) - TGfxDescriptorPorteur,147 : 49104 (True) - TWeaponModelHolder,Position,WeaponManager,Cadavre,Damage
37476,GroupeCombatController,146 : 49114 (False) - TUniteBehaviourDescriptor,43 : 44983 (True) - TGfxDescriptorPorteur,43 : 17392 (True) - TGfxDescriptorPorteur,147 : 49115 (True) - TWeaponModelHolder,Position,WeaponManager,Cadavre,Damage
37481,GroupeCombatController,146 : 49120 (False) - TUniteBehaviourDescriptor,43 : 44983 (True) - TGfxDescriptorPorteur,43 : 17392 (True) - TGfxDescriptorPorteur,147 : 49121 (True) - TWeaponModelHolder,Position,WeaponManager,Cadavre,Damage
37486,GroupeCombatController,146 : 49126 (False) - TUniteBehaviourDescriptor,43 : 44983 (True) - TGfxDescriptorPorteur,43 : 17392 (True) - TGfxDescriptorPorteur,147 : 49127 (True) - TWeaponModelHolder,Position,WeaponManager,Cadavre,Damage
37491,GroupeCombatController,146 : 49132 (False) - TUniteBehaviourDescriptor,43 : 44983 (True) - TGfxDescriptorPorteur,43 : 17392 (True) - TGfxDescriptorPorteur,147 : 49133 (True) - TWeaponModelHolder,Position,WeaponManager,Cadavre,Damage
37503,GroupeCombatController,146 : 49143 (False) - TUniteBehaviourDescriptor,43 : 44983 (True) - TGfxDescriptorPorteur,43 : 17392 (True) - TGfxDescriptorPorteur,147 : 49144 (True) - TWeaponModelHolder,Position,WeaponManager,Cadavre,Damage
37508,GroupeCombatController,146 : 49149 (False) - TUniteBehaviourDescriptor,43 : 44983 (True) - TGfxDescriptorPorteur,43 : 17392 (True) - TGfxDescriptorPorteur,147 : 49150 (True) - TWeaponModelHolder,Position,WeaponManager,Cadavre,Damage
37513,GroupeCombatController,146 : 49155 (False) - TUniteBehaviourDescriptor,43 : 44983 (True) - TGfxDescriptorPorteur,43 : 17392 (True) - TGfxDescriptorPorteur,147 : 49156 (True) - TWeaponModelHolder,Position,WeaponManager,Cadavre,Damage
37518,GroupeCombatController,146 : 49161 (False) - TUniteBehaviourDescriptor,43 : 44983 (True) - TGfxDescriptorPorteur,43 : 17392 (True) - TGfxDescriptorPorteur,147 : 49162 (True) - TWeaponModelHolder,Position,WeaponManager,Cadavre,Damage
37558,GroupeCombatController,146 : 49195 (False) - TUniteBehaviourDescriptor,43 : 44983 (True) - TGfxDescriptorPorteur,43 : 17392 (True) - TGfxDescriptorPorteur,147 : 49196 (True) - TWeaponModelHolder,Position,WeaponManager,Cadavre,Damage
37570,GroupeCombatController,146 : 49207 (False) - TUniteBehaviourDescriptor,43 : 44983 (True) - TGfxDescriptorPorteur,43 : 17392 (True) - TGfxDescriptorPorteur,147 : 49208 (True) - TWeaponModelHolder,Position,WeaponManager,Cadavre,Damage
37580,GroupeCombatController,146 : 49217 (False) - TUniteBehaviourDescriptor,43 : 44983 (True) - TGfxDescriptorPorteur,43 : 17392 (True) - TGfxDescriptorPorteur,147 : 49218 (True) - TWeaponModelHolder,Position,WeaponManager,Cadavre,Damage
37585,GroupeCombatController,146 : 49223 (False) - TUniteBehaviourDescriptor,43 : 44983 (True) - TGfxDescriptorPorteur,43 : 17392 (True) - TGfxDescriptorPorteur,147 : 49224 (True) - TWeaponModelHolder,Position,WeaponManager,Cadavre,Damage
37596,GroupeCombatController,146 : 49233 (False) - TUniteBehaviourDescriptor,43 : 44983 (True) - TGfxDescriptorPorteur,43 : 17392 (True) - TGfxDescriptorPorteur,147 : 49234 (True) - TWeaponModelHolder,Position,WeaponManager,Cadavre,Damage
37601,GroupeCombatController,146 : 49239 (False) - TUniteBehaviourDescriptor,43 : 44983 (True) - TGfxDescriptorPorteur,43 : 17392 (True) - TGfxDescriptorPorteur,147 : 49240 (True) - TWeaponModelHolder,Position,WeaponManager,Cadavre,Damage
37730,GroupeCombatController,146 : 49343 (False) - TUniteBehaviourDescriptor,43 : 44983 (True) - TGfxDescriptorPorteur,43 : 17392 (True) - TGfxDescriptorPorteur,147 : 49344 (True) - TWeaponModelHolder,Position,WeaponManager,Cadavre,Damage
37755,GroupeCombatController,146 : 49363 (False) - TUniteBehaviourDescriptor,43 : 44983 (True) - TGfxDescriptorPorteur,43 : 17392 (True) - TGfxDescriptorPorteur,147 : 49364 (True) - TWeaponModelHolder,Position,WeaponManager,Cadavre,Damage
37760,GroupeCombatController,146 : 49369 (False) - TUniteBehaviourDescriptor,43 : 44983 (True) - TGfxDescriptorPorteur,43 : 17392 (True) - TGfxDescriptorPorteur,147 : 49370 (True) - TWeaponModelHolder,Position,WeaponManager,Cadavre,Damage
37792,GroupeCombatController,146 : 49397 (False) - TUniteBehaviourDescriptor,43 : 44983 (True) - TGfxDescriptorPorteur,43 : 17392 (True) - TGfxDescriptorPorteur,147 : 49398 (True) - TWeaponModelHolder,Position,WeaponManager,Cadavre,Damage
37797,GroupeCombatController,146 : 49403 (False) - TUniteBehaviourDescriptor,43 : 44983 (True) - TGfxDescriptorPorteur,43 : 17392 (True) - TGfxDescriptorPorteur,147 : 49404 (True) - TWeaponModelHolder,Position,WeaponManager,Cadavre,Damage
37802,GroupeCombatController,146 : 49409 (False) - TUniteBehaviourDescriptor,43 : 44983 (True) - TGfxDescriptorPorteur,43 : 17392 (True) - TGfxDescriptorPorteur,147 : 49410 (True) - TWeaponModelHolder,Position,WeaponManager,Cadavre,Damage
37807,GroupeCombatController,146 : 49415 (False) - TUniteBehaviourDescriptor,43 : 44983 (True) - TGfxDescriptorPorteur,43 : 17392 (True) - TGfxDescriptorPorteur,147 : 49416 (True) - TWeaponModelHolder,Position,WeaponManager,Cadavre,Damage
37855,GroupeCombatController,146 : 49456 (False) - TUniteBehaviourDescriptor,43 : 44983 (True) - TGfxDescriptorPorteur,43 : 17392 (True) - TGfxDescriptorPorteur,147 : 49457 (True) - TWeaponModelHolder,Position,WeaponManager,Cadavre,Damage
37901,GroupeCombatController,146 : 49495 (False) - TUniteBehaviourDescriptor,43 : 44983 (True) - TGfxDescriptorPorteur,43 : 17392 (True) - TGfxDescriptorPorteur,147 : 49496 (True) - TWeaponModelHolder,Position,WeaponManager,Cadavre,Damage
37906,GroupeCombatController,146 : 49501 (False) - TUniteBehaviourDescriptor,43 : 44983 (True) - TGfxDescriptorPorteur,43 : 17392 (True) - TGfxDescriptorPorteur,147 : 49502 (True) - TWeaponModelHolder,Position,WeaponManager,Cadavre,Damage
37911,GroupeCombatController,146 : 49507 (False) - TUniteBehaviourDescriptor,43 : 44983 (True) - TGfxDescriptorPorteur,43 : 17392 (True) - TGfxDescriptorPorteur,147 : 49508 (True) - TWeaponModelHolder,Position,WeaponManager,Cadavre,Damage
37916,GroupeCombatController,146 : 49513 (False) - TUniteBehaviourDescriptor,43 : 44983 (True) - TGfxDescriptorPorteur,43 : 17392 (True) - TGfxDescriptorPorteur,147 : 49514 (True) - TWeaponModelHolder,Position,WeaponManager,Cadavre,Damage
37921,GroupeCombatController,146 : 49519 (False) - TUniteBehaviourDescriptor,43 : 44983 (True) - TGfxDescriptorPorteur,43 : 17392 (True) - TGfxDescriptorPorteur,147 : 49520 (True) - TWeaponModelHolder,Position,WeaponManager,Cadavre,Damage
37926,GroupeCombatController,146 : 49525 (False) - TUniteBehaviourDescriptor,43 : 44983 (True) - TGfxDescriptorPorteur,43 : 17392 (True) - TGfxDescriptorPorteur,147 : 49526 (True) - TWeaponModelHolder,Position,WeaponManager,Cadavre,Damage
37941,GroupeCombatController,146 : 49539 (False) - TUniteBehaviourDescriptor,43 : 44983 (True) - TGfxDescriptorPorteur,43 : 17392 (True) - TGfxDescriptorPorteur,147 : 49540 (True) - TWeaponModelHolder,Position,WeaponManager,Cadavre,Damage
37946,GroupeCombatController,146 : 49545 (False) - TUniteBehaviourDescriptor,43 : 44983 (True) - TGfxDescriptorPorteur,43 : 17392 (True) - TGfxDescriptorPorteur,147 : 49546 (True) - TWeaponModelHolder,Position,WeaponManager,Cadavre,Damage
37951,GroupeCombatController,146 : 49551 (False) - TUniteBehaviourDescriptor,43 : 44983 (True) - TGfxDescriptorPorteur,43 : 17392 (True) - TGfxDescriptorPorteur,147 : 49552 (True) - TWeaponModelHolder,Position,WeaponManager,Cadavre,Damage
37956,GroupeCombatController,146 : 49557 (False) - TUniteBehaviourDescriptor,43 : 44983 (True) - TGfxDescriptorPorteur,43 : 17392 (True) - TGfxDescriptorPorteur,147 : 49558 (True) - TWeaponModelHolder,Position,WeaponManager,Cadavre,Damage
37961,GroupeCombatController,146 : 49563 (False) - TUniteBehaviourDescriptor,43 : 44983 (True) - TGfxDescriptorPorteur,43 : 17392 (True) - TGfxDescriptorPorteur,147 : 49564 (True) - TWeaponModelHolder,Position,WeaponManager,Cadavre,Damage
37966,GroupeCombatController,146 : 49569 (False) - TUniteBehaviourDescriptor,43 : 44983 (True) - TGfxDescriptorPorteur,43 : 17392 (True) - TGfxDescriptorPorteur,147 : 49570 (True) - TWeaponModelHolder,Position,WeaponManager,Cadavre,Damage
37971,GroupeCombatController,146 : 49575 (False) - TUniteBehaviourDescriptor,43 : 44983 (True) - TGfxDescriptorPorteur,43 : 17392 (True) - TGfxDescriptorPorteur,147 : 49576 (True) - TWeaponModelHolder,Position,WeaponManager,Cadavre,Damage
37982,GroupeCombatController,146 : 49586 (False) - TUniteBehaviourDescriptor,43 : 44983 (True) - TGfxDescriptorPorteur,43 : 17392 (True) - TGfxDescriptorPorteur,147 : 49587 (True) - TWeaponModelHolder,Position,WeaponManager,Cadavre,Damage
37987,GroupeCombatController,146 : 49592 (False) - TUniteBehaviourDescriptor,43 : 44983 (True) - TGfxDescriptorPorteur,43 : 17392 (True) - TGfxDescriptorPorteur,147 : 49593 (True) - TWeaponModelHolder,Position,WeaponManager,Cadavre,Damage
37992,GroupeCombatController,146 : 49598 (False) - TUniteBehaviourDescriptor,43 : 44983 (True) - TGfxDescriptorPorteur,43 : 17392 (True) - TGfxDescriptorPorteur,147 : 49599 (True) - TWeaponModelHolder,Position,WeaponManager,Cadavre,Damage
37997,GroupeCombatController,146 : 49604 (False) - TUniteBehaviourDescriptor,43 : 44983 (True) - TGfxDescriptorPorteur,43 : 17392 (True) - TGfxDescriptorPorteur,147 : 49605 (True) - TWeaponModelHolder,Position,WeaponManager,Cadavre,Damage
38002,GroupeCombatController,146 : 49610 (False) - TUniteBehaviourDescriptor,43 : 44983 (True) - TGfxDescriptorPorteur,43 : 17392 (True) - TGfxDescriptorPorteur,147 : 49611 (True) - TWeaponModelHolder,Position,WeaponManager,Cadavre,Damage
38012,GroupeCombatController,146 : 49620 (False) - TUniteBehaviourDescriptor,43 : 44983 (True) - TGfxDescriptorPorteur,43 : 17392 (True) - TGfxDescriptorPorteur,147 : 49621 (True) - TWeaponModelHolder,Position,WeaponManager,Cadavre,Damage
38043,GroupeCombatController,146 : 49644 (False) - TUniteBehaviourDescriptor,43 : 44983 (True) - TGfxDescriptorPorteur,43 : 17392 (True) - TGfxDescriptorPorteur,147 : 49645 (True) - TWeaponModelHolder,Position,WeaponManager,Cadavre,Damage
38048,GroupeCombatController,146 : 49650 (False) - TUniteBehaviourDescriptor,43 : 44983 (True) - TGfxDescriptorPorteur,43 : 17392 (True) - TGfxDescriptorPorteur,147 : 49651 (True) - TWeaponModelHolder,Position,WeaponManager,Cadavre,Damage
38053,GroupeCombatController,146 : 49656 (False) - TUniteBehaviourDescriptor,43 : 44983 (True) - TGfxDescriptorPorteur,43 : 17392 (True) - TGfxDescriptorPorteur,147 : 49657 (True) - TWeaponModelHolder,Position,WeaponManager,Cadavre,Damage
38064,GroupeCombatController,146 : 49667 (False) - TUniteBehaviourDescriptor,43 : 44983 (True) - TGfxDescriptorPorteur,43 : 17392 (True) - TGfxDescriptorPorteur,147 : 49668 (True) - TWeaponModelHolder,Position,WeaponManager,Cadavre,Damage
38069,GroupeCombatController,146 : 49673 (False) - TUniteBehaviourDescriptor,43 : 44983 (True) - TGfxDescriptorPorteur,43 : 17392 (True) - TGfxDescriptorPorteur,147 : 49674 (True) - TWeaponModelHolder,Position,WeaponManager,Cadavre,Damage
38140,GroupeCombatController,146 : 49732 (False) - TUniteBehaviourDescriptor,43 : 44983 (True) - TGfxDescriptorPorteur,43 : 17392 (True) - TGfxDescriptorPorteur,147 : 49733 (True) - TWeaponModelHolder,Position,WeaponManager,Cadavre,Damage
38145,GroupeCombatController,146 : 49738 (False) - TUniteBehaviourDescriptor,43 : 44983 (True) - TGfxDescriptorPorteur,43 : 17392 (True) - TGfxDescriptorPorteur,147 : 49739 (True) - TWeaponModelHolder,Position,WeaponManager,Cadavre,Damage
38150,GroupeCombatController,146 : 49744 (False) - TUniteBehaviourDescriptor,43 : 44983 (True) - TGfxDescriptorPorteur,43 : 17392 (True) - TGfxDescriptorPorteur,147 : 49745 (True) - TWeaponModelHolder,Position,WeaponManager,Cadavre,Damage
38155,GroupeCombatController,146 : 49750 (False) - TUniteBehaviourDescriptor,43 : 44983 (True) - TGfxDescriptorPorteur,43 : 17392 (True) - TGfxDescriptorPorteur,147 : 49751 (True) - TWeaponModelHolder,Position,WeaponManager,Cadavre,Damage
38160,GroupeCombatController,146 : 49756 (False) - TUniteBehaviourDescriptor,43 : 44983 (True) - TGfxDescriptorPorteur,43 : 17392 (True) - TGfxDescriptorPorteur,147 : 49757 (True) - TWeaponModelHolder,Position,WeaponManager,Cadavre,Damage
38165,GroupeCombatController,146 : 49762 (False) - TUniteBehaviourDescriptor,43 : 44983 (True) - TGfxDescriptorPorteur,43 : 17392 (True) - TGfxDescriptorPorteur,147 : 49763 (True) - TWeaponModelHolder,Position,WeaponManager,Cadavre,Damage
38190,GroupeCombatController,146 : 49784 (False) - TUniteBehaviourDescriptor,43 : 44983 (True) - TGfxDescriptorPorteur,43 : 17392 (True) - TGfxDescriptorPorteur,147 : 49785 (True) - TWeaponModelHolder,Position,WeaponManager,Cadavre,Damage
38195,GroupeCombatController,146 : 49790 (False) - TUniteBehaviourDescriptor,43 : 44983 (True) - TGfxDescriptorPorteur,43 : 17392 (True) - TGfxDescriptorPorteur,147 : 49791 (True) - TWeaponModelHolder,Position,WeaponManager,Cadavre,Damage
38200,GroupeCombatController,146 : 49796 (False) - TUniteBehaviourDescriptor,43 : 44983 (True) - TGfxDescriptorPorteur,43 : 17392 (True) - TGfxDescriptorPorteur,147 : 49797 (True) - TWeaponModelHolder,Position,WeaponManager,Cadavre,Damage
38214,GroupeCombatController,146 : 49809 (False) - TUniteBehaviourDescriptor,43 : 44983 (True) - TGfxDescriptorPorteur,43 : 17392 (True) - TGfxDescriptorPorteur,147 : 49810 (True) - TWeaponModelHolder,Position,WeaponManager,Cadavre,Damage
38236,GroupeCombatController,146 : 49830 (False) - TUniteBehaviourDescriptor,43 : 44983 (True) - TGfxDescriptorPorteur,43 : 17392 (True) - TGfxDescriptorPorteur,147 : 49831 (True) - TWeaponModelHolder,Position,WeaponManager,Cadavre,Damage
38241,GroupeCombatController,146 : 49836 (False) - TUniteBehaviourDescriptor,43 : 44983 (True) - TGfxDescriptorPorteur,43 : 17392 (True) - TGfxDescriptorPorteur,147 : 49837 (True) - TWeaponModelHolder,Position,WeaponManager,Cadavre,Damage
38246,GroupeCombatController,146 : 49842 (False) - TUniteBehaviourDescriptor,43 : 44983 (True) - TGfxDescriptorPorteur,43 : 17392 (True) - TGfxDescriptorPorteur,147 : 49843 (True) - TWeaponModelHolder,Position,WeaponManager,Cadavre,Damage
38251,GroupeCombatController,146 : 49848 (False) - TUniteBehaviourDescriptor,43 : 44983 (True) - TGfxDescriptorPorteur,43 : 17392 (True) - TGfxDescriptorPorteur,147 : 49849 (True) - TWeaponModelHolder,Position,WeaponManager,Cadavre,Damage
38256,GroupeCombatController,146 : 49854 (False) - TUniteBehaviourDescriptor,43 : 44983 (True) - TGfxDescriptorPorteur,43 : 17392 (True) - TGfxDescriptorPorteur,147 : 49855 (True) - TWeaponModelHolder,Position,WeaponManager,Cadavre,Damage
38261,GroupeCombatController,146 : 49860 (False) - TUniteBehaviourDescriptor,43 : 44983 (True) - TGfxDescriptorPorteur,43 : 17392 (True) - TGfxDescriptorPorteur,147 : 49861 (True) - TWeaponModelHolder,Position,WeaponManager,Cadavre,Damage
38282,GroupeCombatController,146 : 49880 (False) - TUniteBehaviourDescriptor,43 : 44983 (True) - TGfxDescriptorPorteur,43 : 17392 (True) - TGfxDescriptorPorteur,147 : 49881 (True) - TWeaponModelHolder,Position,WeaponManager,Cadavre,Damage
38287,GroupeCombatController,146 : 49886 (False) - TUniteBehaviourDescriptor,43 : 44983 (True) - TGfxDescriptorPorteur,43 : 17392 (True) - TGfxDescriptorPorteur,147 : 49887 (True) - TWeaponModelHolder,Position,WeaponManager,Cadavre,Damage
38292,GroupeCombatController,146 : 49892 (False) - TUniteBehaviourDescriptor,43 : 44983 (True) - TGfxDescriptorPorteur,43 : 17392 (True) - TGfxDescriptorPorteur,147 : 49893 (True) - TWeaponModelHolder,Position,WeaponManager,Cadavre,Damage
38297,GroupeCombatController,146 : 49898 (False) - TUniteBehaviourDescriptor,43 : 44983 (True) - TGfxDescriptorPorteur,43 : 17392 (True) - TGfxDescriptorPorteur,147 : 49899 (True) - TWeaponModelHolder,Position,WeaponManager,Cadavre,Damage
38302,GroupeCombatController,146 : 49904 (False) - TUniteBehaviourDescriptor,43 : 44983 (True) - TGfxDescriptorPorteur,43 : 17392 (True) - TGfxDescriptorPorteur,147 : 49905 (True) - TWeaponModelHolder,Position,WeaponManager,Cadavre,Damage
38307,GroupeCombatController,146 : 49910 (False) - TUniteBehaviourDescriptor,43 : 44983 (True) - TGfxDescriptorPorteur,43 : 17392 (True) - TGfxDescriptorPorteur,147 : 49911 (True) - TWeaponModelHolder,Position,WeaponManager,Cadavre,Damage
38312,GroupeCombatController,146 : 49916 (False) - TUniteBehaviourDescriptor,43 : 44983 (True) - TGfxDescriptorPorteur,43 : 17392 (True) - TGfxDescriptorPorteur,147 : 49917 (True) - TWeaponModelHolder,Position,WeaponManager,Cadavre,Damage
38317,GroupeCombatController,146 : 49922 (False) - TUniteBehaviourDescriptor,43 : 44983 (True) - TGfxDescriptorPorteur,43 : 17392 (True) - TGfxDescriptorPorteur,147 : 49923 (True) - TWeaponModelHolder,Position,WeaponManager,Cadavre,Damage
38322,GroupeCombatController,146 : 49928 (False) - TUniteBehaviourDescriptor,43 : 44983 (True) - TGfxDescriptorPorteur,43 : 17392 (True) - TGfxDescriptorPorteur,147 : 49929 (True) - TWeaponModelHolder,Position,WeaponManager,Cadavre,Damage
38377,GroupeCombatController,146 : 49973 (False) - TUniteBehaviourDescriptor,43 : 44983 (True) - TGfxDescriptorPorteur,43 : 17392 (True) - TGfxDescriptorPorteur,147 : 49974 (True) - TWeaponModelHolder,Position,WeaponManager,Cadavre,Damage
38382,GroupeCombatController,146 : 49979 (False) - TUniteBehaviourDescriptor,43 : 44983 (True) - TGfxDescriptorPorteur,43 : 17392 (True) - TGfxDescriptorPorteur,147 : 49980 (True) - TWeaponModelHolder,Position,WeaponManager,Cadavre,Damage
38387,GroupeCombatController,146 : 49985 (False) - TUniteBehaviourDescriptor,43 : 44983 (True) - TGfxDescriptorPorteur,43 : 17392 (True) - TGfxDescriptorPorteur,147 : 49986 (True) - TWeaponModelHolder,Position,WeaponManager,Cadavre,Damage
38407,GroupeCombatController,146 : 50001 (False) - TUniteBehaviourDescriptor,43 : 44983 (True) - TGfxDescriptorPorteur,43 : 17392 (True) - TGfxDescriptorPorteur,147 : 50002 (True) - TWeaponModelHolder,Position,WeaponManager,Cadavre,Damage
38459,GroupeCombatController,146 : 50044 (False) - TUniteBehaviourDescriptor,43 : 44983 (True) - TGfxDescriptorPorteur,43 : 17392 (True) - TGfxDescriptorPorteur,147 : 50045 (True) - TWeaponModelHolder,Position,WeaponManager,Cadavre,Damage
38469,GroupeCombatController,146 : 50054 (False) - TUniteBehaviourDescriptor,43 : 44983 (True) - TGfxDescriptorPorteur,43 : 17392 (True) - TGfxDescriptorPorteur,147 : 50055 (True) - TWeaponModelHolder,Position,WeaponManager,Cadavre,Damage
38474,GroupeCombatController,146 : 50060 (False) - TUniteBehaviourDescriptor,43 : 44983 (True) - TGfxDescriptorPorteur,43 : 17392 (True) - TGfxDescriptorPorteur,147 : 50061 (True) - TWeaponModelHolder,Position,WeaponManager,Cadavre,Damage
38479,GroupeCombatController,146 : 50066 (False) - TUniteBehaviourDescriptor,43 : 44983 (True) - TGfxDescriptorPorteur,43 : 17392 (True) - TGfxDescriptorPorteur,147 : 50067 (True) - TWeaponModelHolder,Position,WeaponManager,Cadavre,Damage
38484,GroupeCombatController,146 : 50072 (False) - TUniteBehaviourDescriptor,43 : 44983 (True) - TGfxDescriptorPorteur,43 : 17392 (True) - TGfxDescriptorPorteur,147 : 50073 (True) - TWeaponModelHolder,Position,WeaponManager,Cadavre,Damage
38489,GroupeCombatController,146 : 50078 (False) - TUniteBehaviourDescriptor,43 : 44983 (True) - TGfxDescriptorPorteur,43 : 17392 (True) - TGfxDescriptorPorteur,147 : 50079 (True) - TWeaponModelHolder,Position,WeaponManager,Cadavre,Damage
38539,GroupeCombatController,146 : 50121 (False) - TUniteBehaviourDescriptor,43 : 44983 (True) - TGfxDescriptorPorteur,43 : 17392 (True) - TGfxDescriptorPorteur,147 : 50122 (True) - TWeaponModelHolder,Position,WeaponManager,Cadavre,Damage
38544,GroupeCombatController,146 : 50127 (False) - TUniteBehaviourDescriptor,43 : 44983 (True) - TGfxDescriptorPorteur,43 : 17392 (True) - TGfxDescriptorPorteur,147 : 50128 (True) - TWeaponModelHolder,Position,WeaponManager,Cadavre,Damage
38662,GroupeCombatController,146 : 50219 (False) - TUniteBehaviourDescriptor,43 : 44983 (True) - TGfxDescriptorPorteur,43 : 17392 (True) - TGfxDescriptorPorteur,147 : 50220 (True) - TWeaponModelHolder,Position,WeaponManager,Cadavre,Damage
38667,GroupeCombatController,146 : 50225 (False) - TUniteBehaviourDescriptor,43 : 44983 (True) - TGfxDescriptorPorteur,43 : 17392 (True) - TGfxDescriptorPorteur,147 : 50226 (True) - TWeaponModelHolder,Position,WeaponManager,Cadavre,Damage
38672,GroupeCombatController,146 : 50231 (False) - TUniteBehaviourDescriptor,43 : 44983 (True) - TGfxDescriptorPorteur,43 : 17392 (True) - TGfxDescriptorPorteur,147 : 50232 (True) - TWeaponModelHolder,Position,WeaponManager,Cadavre,Damage
38677,GroupeCombatController,146 : 50237 (False) - TUniteBehaviourDescriptor,43 : 44983 (True) - TGfxDescriptorPorteur,43 : 17392 (True) - TGfxDescriptorPorteur,147 : 50238 (True) - TWeaponModelHolder,Position,WeaponManager,Cadavre,Damage
38686,GroupeCombatController,146 : 50246 (False) - TUniteBehaviourDescriptor,43 : 44983 (True) - TGfxDescriptorPorteur,43 : 17392 (True) - TGfxDescriptorPorteur,147 : 50247 (True) - TWeaponModelHolder,Position,WeaponManager,Cadavre,Damage
38751,GroupeCombatController,146 : 50302 (False) - TUniteBehaviourDescriptor,43 : 44983 (True) - TGfxDescriptorPorteur,43 : 17392 (True) - TGfxDescriptorPorteur,147 : 50303 (True) - TWeaponModelHolder,Position,WeaponManager,Cadavre,Damage
38866,GroupeCombatController,146 : 50396 (False) - TUniteBehaviourDescriptor,43 : 44983 (True) - TGfxDescriptorPorteur,43 : 17392 (True) - TGfxDescriptorPorteur,147 : 50397 (True) - TWeaponModelHolder,Position,WeaponManager,Cadavre,Damage
38885,GroupeCombatController,146 : 50413 (False) - TUniteBehaviourDescriptor,43 : 44983 (True) - TGfxDescriptorPorteur,43 : 17392 (True) - TGfxDescriptorPorteur,147 : 50414 (True) - TWeaponModelHolder,Position,WeaponManager,Cadavre,Damage
38890,GroupeCombatController,146 : 50419 (False) - TUniteBehaviourDescriptor,43 : 44983 (True) - TGfxDescriptorPorteur,43 : 17392 (True) - TGfxDescriptorPorteur,147 : 50420 (True) - TWeaponModelHolder,Position,WeaponManager,Cadavre,Damage
38895,GroupeCombatController,146 : 50425 (False) - TUniteBehaviourDescriptor,43 : 44983 (True) - TGfxDescriptorPorteur,43 : 17392 (True) - TGfxDescriptorPorteur,147 : 50426 (True) - TWeaponModelHolder,Position,WeaponManager,Cadavre,Damage
38900,GroupeCombatController,146 : 50431 (False) - TUniteBehaviourDescriptor,43 : 44983 (True) - TGfxDescriptorPorteur,43 : 17392 (True) - TGfxDescriptorPorteur,147 : 50432 (True) - TWeaponModelHolder,Position,WeaponManager,Cadavre,Damage
38905,GroupeCombatController,146 : 50437 (False) - TUniteBehaviourDescriptor,43 : 44983 (True) - TGfxDescriptorPorteur,43 : 17392 (True) - TGfxDescriptorPorteur,147 : 50438 (True) - TWeaponModelHolder,Position,WeaponManager,Cadavre,Damage
38921,GroupeCombatController,146 : 50451 (False) - TUniteBehaviourDescriptor,43 : 44983 (True) - TGfxDescriptorPorteur,43 : 17392 (True) - TGfxDescriptorPorteur,147 : 50452 (True) - TWeaponModelHolder,Position,WeaponManager,Cadavre,Damage
38926,GroupeCombatController,146 : 50457 (False) - TUniteBehaviourDescriptor,43 : 44983 (True) - TGfxDescriptorPorteur,43 : 17392 (True) - TGfxDescriptorPorteur,147 : 50458 (True) - TWeaponModelHolder,Position,WeaponManager,Cadavre,Damage
38936,GroupeCombatController,146 : 50468 (False) - TUniteBehaviourDescriptor,43 : 44983 (True) - TGfxDescriptorPorteur,43 : 17392 (True) - TGfxDescriptorPorteur,147 : 50469 (True) - TWeaponModelHolder,Position,WeaponManager,Cadavre,Damage
38941,GroupeCombatController,146 : 50474 (False) - TUniteBehaviourDescriptor,43 : 44983 (True) - TGfxDescriptorPorteur,43 : 17392 (True) - TGfxDescriptorPorteur,147 : 50475 (True) - TWeaponModelHolder,Position,WeaponManager,Cadavre,Damage
38946,GroupeCombatController,146 : 50480 (False) - TUniteBehaviourDescriptor,43 : 44983 (True) - TGfxDescriptorPorteur,43 : 17392 (True) - TGfxDescriptorPorteur,147 : 50481 (True) - TWeaponModelHolder,Position,WeaponManager,Cadavre,Damage
38979,GroupeCombatController,146 : 50510 (False) - TUniteBehaviourDescriptor,43 : 44983 (True) - TGfxDescriptorPorteur,43 : 17392 (True) - TGfxDescriptorPorteur,147 : 50511 (True) - TWeaponModelHolder,Position,WeaponManager,Cadavre,Damage
39021,GroupeCombatController,146 : 50546 (False) - TUniteBehaviourDescriptor,43 : 44983 (True) - TGfxDescriptorPorteur,43 : 17392 (True) - TGfxDescriptorPorteur,147 : 50547 (True) - TWeaponModelHolder,Position,WeaponManager,Cadavre,Damage
39031,GroupeCombatController,146 : 50556 (False) - TUniteBehaviourDescriptor,43 : 44983 (True) - TGfxDescriptorPorteur,43 : 17392 (True) - TGfxDescriptorPorteur,147 : 50557 (True) - TWeaponModelHolder,Position,WeaponManager,Cadavre,Damage
39036,GroupeCombatController,146 : 50561 (False) - TUniteBehaviourDescriptor,43 : 44983 (True) - TGfxDescriptorPorteur,43 : 17392 (True) - TGfxDescriptorPorteur,147 : 50562 (True) - TWeaponModelHolder,Position,WeaponManager,Cadavre,Damage
39041,GroupeCombatController,146 : 50567 (False) - TUniteBehaviourDescriptor,43 : 44983 (True) - TGfxDescriptorPorteur,43 : 17392 (True) - TGfxDescriptorPorteur,147 : 50568 (True) - TWeaponModelHolder,Position,WeaponManager,Cadavre,Damage
39046,GroupeCombatController,146 : 50573 (False) - TUniteBehaviourDescriptor,43 : 44983 (True) - TGfxDescriptorPorteur,43 : 17392 (True) - TGfxDescriptorPorteur,147 : 50574 (True) - TWeaponModelHolder,Position,WeaponManager,Cadavre,Damage
39051,GroupeCombatController,146 : 50580 (False) - TUniteBehaviourDescriptor,43 : 44983 (True) - TGfxDescriptorPorteur,43 : 17392 (True) - TGfxDescriptorPorteur,147 : 50581 (True) - TWeaponModelHolder,Position,WeaponManager,Cadavre,Damage
39056,GroupeCombatController,146 : 50585 (False) - TUniteBehaviourDescriptor,43 : 44983 (True) - TGfxDescriptorPorteur,43 : 17392 (True) - TGfxDescriptorPorteur,147 : 50586 (True) - TWeaponModelHolder,Position,WeaponManager,Cadavre,Damage
39061,GroupeCombatController,146 : 50592 (False) - TUniteBehaviourDescriptor,43 : 44983 (True) - TGfxDescriptorPorteur,43 : 17392 (True) - TGfxDescriptorPorteur,147 : 50593 (True) - TWeaponModelHolder,Position,WeaponManager,Cadavre,Damage
39081,GroupeCombatController,146 : 50613 (False) - TUniteBehaviourDescriptor,43 : 44983 (True) - TGfxDescriptorPorteur,43 : 17392 (True) - TGfxDescriptorPorteur,147 : 50614 (True) - TWeaponModelHolder,Position,WeaponManager,Cadavre,Damage
39086,GroupeCombatController,146 : 50619 (False) - TUniteBehaviourDescriptor,43 : 44983 (True) - TGfxDescriptorPorteur,43 : 17392 (True) - TGfxDescriptorPorteur,147 : 50620 (True) - TWeaponModelHolder,Position,WeaponManager,Cadavre,Damage
39098,GroupeCombatController,146 : 50629 (False) - TUniteBehaviourDescriptor,43 : 44983 (True) - TGfxDescriptorPorteur,43 : 17392 (True) - TGfxDescriptorPorteur,147 : 50630 (True) - TWeaponModelHolder,Position,WeaponManager,Cadavre,Damage
39103,GroupeCombatController,146 : 50635 (False) - TUniteBehaviourDescriptor,43 : 44983 (True) - TGfxDescriptorPorteur,43 : 17392 (True) - TGfxDescriptorPorteur,147 : 50636 (True) - TWeaponModelHolder,Position,WeaponManager,Cadavre,Damage
39108,GroupeCombatController,146 : 50641 (False) - TUniteBehaviourDescriptor,43 : 44983 (True) - TGfxDescriptorPorteur,43 : 17392 (True) - TGfxDescriptorPorteur,147 : 50642 (True) - TWeaponModelHolder,Position,WeaponManager,Cadavre,Damage
39122,GroupeCombatController,146 : 50654 (False) - TUniteBehaviourDescriptor,43 : 44983 (True) - TGfxDescriptorPorteur,43 : 17392 (True) - TGfxDescriptorPorteur,147 : 50655 (True) - TWeaponModelHolder,Position,WeaponManager,Cadavre,Damage
39138,GroupeCombatController,146 : 50666 (False) - TUniteBehaviourDescriptor,43 : 44983 (True) - TGfxDescriptorPorteur,43 : 17392 (True) - TGfxDescriptorPorteur,147 : 50667 (True) - TWeaponModelHolder,Position,WeaponManager,Cadavre,Damage
39143,GroupeCombatController,146 : 50672 (False) - TUniteBehaviourDescriptor,43 : 44983 (True) - TGfxDescriptorPorteur,43 : 17392 (True) - TGfxDescriptorPorteur,147 : 50673 (True) - TWeaponModelHolder,Position,WeaponManager,Cadavre,Damage
39148,GroupeCombatController,146 : 50678 (False) - TUniteBehaviourDescriptor,43 : 44983 (True) - TGfxDescriptorPorteur,43 : 17392 (True) - TGfxDescriptorPorteur,147 : 50679 (True) - TWeaponModelHolder,Position,WeaponManager,Cadavre,Damage
39153,GroupeCombatController,146 : 50684 (False) - TUniteBehaviourDescriptor,43 : 44983 (True) - TGfxDescriptorPorteur,43 : 17392 (True) - TGfxDescriptorPorteur,147 : 50685 (True) - TWeaponModelHolder,Position,WeaponManager,Cadavre,Damage
39158,GroupeCombatController,146 : 50690 (False) - TUniteBehaviourDescriptor,43 : 44983 (True) - TGfxDescriptorPorteur,43 : 17392 (True) - TGfxDescriptorPorteur,147 : 50691 (True) - TWeaponModelHolder,Position,WeaponManager,Cadavre,Damage
39172,GroupeCombatController,146 : 50702 (False) - TUniteBehaviourDescriptor,43 : 44983 (True) - TGfxDescriptorPorteur,43 : 17392 (True) - TGfxDescriptorPorteur,147 : 50703 (True) - TWeaponModelHolder,Position,WeaponManager,Cadavre,Damage
39177,GroupeCombatController,146 : 50708 (False) - TUniteBehaviourDescriptor,43 : 44983 (True) - TGfxDescriptorPorteur,43 : 17392 (True) - TGfxDescriptorPorteur,147 : 50709 (True) - TWeaponModelHolder,Position,WeaponManager,Cadavre,Damage
39182,GroupeCombatController,146 : 50714 (False) - TUniteBehaviourDescriptor,43 : 44983 (True) - TGfxDescriptorPorteur,43 : 17392 (True) - TGfxDescriptorPorteur,147 : 50715 (True) - TWeaponModelHolder,Position,WeaponManager,Cadavre,Damage
39187,GroupeCombatController,146 : 50720 (False) - TUniteBehaviourDescriptor,43 : 44983 (True) - TGfxDescriptorPorteur,43 : 17392 (True) - TGfxDescriptorPorteur,147 : 50721 (True) - TWeaponModelHolder,Position,WeaponManager,Cadavre,Damage
39192,GroupeCombatController,146 : 50726 (False) - TUniteBehaviourDescriptor,43 : 44983 (True) - TGfxDescriptorPorteur,43 : 17392 (True) - TGfxDescriptorPorteur,147 : 50727 (True) - TWeaponModelHolder,Position,WeaponManager,Cadavre,Damage
39197,GroupeCombatController,146 : 50732 (False) - TUniteBehaviourDescriptor,43 : 44983 (True) - TGfxDescriptorPorteur,43 : 17392 (True) - TGfxDescriptorPorteur,147 : 50733 (True) - TWeaponModelHolder,Position,WeaponManager,Cadavre,Damage
39260,GroupeCombatController,146 : 50786 (False) - TUniteBehaviourDescriptor,43 : 44983 (True) - TGfxDescriptorPorteur,43 : 17392 (True) - TGfxDescriptorPorteur,147 : 50787 (True) - TWeaponModelHolder,Position,WeaponManager,Cadavre,Damage
39265,GroupeCombatController,146 : 50792 (False) - TUniteBehaviourDescriptor,43 : 44983 (True) - TGfxDescriptorPorteur,43 : 17392 (True) - TGfxDescriptorPorteur,147 : 50793 (True) - TWeaponModelHolder,Position,WeaponManager,Cadavre,Damage
39276,GroupeCombatController,146 : 50803 (False) - TUniteBehaviourDescriptor,43 : 44983 (True) - TGfxDescriptorPorteur,43 : 17392 (True) - TGfxDescriptorPorteur,147 : 50804 (True) - TWeaponModelHolder,Position,WeaponManager,Cadavre,Damage
39774,GroupeCombatController,146 : 51265 (False) - TUniteBehaviourDescriptor,43 : 44983 (True) - TGfxDescriptorPorteur,43 : 17392 (True) - TGfxDescriptorPorteur,147 : 51266 (True) - TWeaponModelHolder,Position,WeaponManager,Cadavre,Damage
39789,GroupeCombatController,146 : 51278 (False) - TUniteBehaviourDescriptor,43 : 44983 (True) - TGfxDescriptorPorteur,43 : 17392 (True) - TGfxDescriptorPorteur,147 : 51279 (True) - TWeaponModelHolder,Position,WeaponManager,Cadavre,Damage
39875,GroupeCombatController,146 : 51343 (False) - TUniteBehaviourDescriptor,43 : 44983 (True) - TGfxDescriptorPorteur,43 : 17392 (True) - TGfxDescriptorPorteur,147 : 51344 (True) - TWeaponModelHolder,Position,WeaponManager,Cadavre,Damage
40198,GroupeCombatController,146 : 51621 (False) - TUniteBehaviourDescriptor,43 : 44983 (True) - TGfxDescriptorPorteur,43 : 17392 (True) - TGfxDescriptorPorteur,147 : 51622 (True) - TWeaponModelHolder,Position,WeaponManager,Cadavre,Damage
40203,GroupeCombatController,146 : 51627 (False) - TUniteBehaviourDescriptor,43 : 44983 (True) - TGfxDescriptorPorteur,43 : 17392 (True) - TGfxDescriptorPorteur,147 : 51628 (True) - TWeaponModelHolder,Position,WeaponManager,Cadavre,Damage
40260,GroupeCombatController,146 : 51674 (False) - TUniteBehaviourDescriptor,43 : 44983 (True) - TGfxDescriptorPorteur,43 : 17392 (True) - TGfxDescriptorPorteur,147 : 51675 (True) - TWeaponModelHolder,Position,WeaponManager,Cadavre,Damage
40265,GroupeCombatController,146 : 51680 (False) - TUniteBehaviourDescriptor,43 : 44983 (True) - TGfxDescriptorPorteur,43 : 17392 (True) - TGfxDescriptorPorteur,147 : 51681 (True) - TWeaponModelHolder,Position,WeaponManager,Cadavre,Damage
40270,GroupeCombatController,146 : 51686 (False) - TUniteBehaviourDescriptor,43 : 44983 (True) - TGfxDescriptorPorteur,43 : 17392 (True) - TGfxDescriptorPorteur,147 : 51687 (True) - TWeaponModelHolder,Position,WeaponManager,Cadavre,Damage
40275,GroupeCombatController,146 : 51692 (False) - TUniteBehaviourDescriptor,43 : 44983 (True) - TGfxDescriptorPorteur,43 : 17392 (True) - TGfxDescriptorPorteur,147 : 51693 (True) - TWeaponModelHolder,Position,WeaponManager,Cadavre,Damage
40280,GroupeCombatController,146 : 51698 (False) - TUniteBehaviourDescriptor,43 : 44983 (True) - TGfxDescriptorPorteur,43 : 17392 (True) - TGfxDescriptorPorteur,147 : 51699 (True) - TWeaponModelHolder,Position,WeaponManager,Cadavre,Damage
40285,GroupeCombatController,146 : 51704 (False) - TUniteBehaviourDescriptor,43 : 44983 (True) - TGfxDescriptorPorteur,43 : 17392 (True) - TGfxDescriptorPorteur,147 : 51705 (True) - TWeaponModelHolder,Position,WeaponManager,Cadavre,Damage
40290,GroupeCombatController,146 : 51710 (False) - TUniteBehaviourDescriptor,43 : 44983 (True) - TGfxDescriptorPorteur,43 : 17392 (True) - TGfxDescriptorPorteur,147 : 51711 (True) - TWeaponModelHolder,Position,WeaponManager,Cadavre,Damage
40295,GroupeCombatController,146 : 51716 (False) - TUniteBehaviourDescriptor,43 : 44983 (True) - TGfxDescriptorPorteur,43 : 17392 (True) - TGfxDescriptorPorteur,147 : 51717 (True) - TWeaponModelHolder,Position,WeaponManager,Cadavre,Damage
40300,GroupeCombatController,146 : 51722 (False) - TUniteBehaviourDescriptor,43 : 44983 (True) - TGfxDescriptorPorteur,43 : 17392 (True) - TGfxDescriptorPorteur,147 : 51723 (True) - TWeaponModelHolder,Position,WeaponManager,Cadavre,Damage
40305,GroupeCombatController,146 : 51728 (False) - TUniteBehaviourDescriptor,43 : 44983 (True) - TGfxDescriptorPorteur,43 : 17392 (True) - TGfxDescriptorPorteur,147 : 51729 (True) - TWeaponModelHolder,Position,WeaponManager,Cadavre,Damage
40310,GroupeCombatController,146 : 51734 (False) - TUniteBehaviourDescriptor,43 : 44983 (True) - TGfxDescriptorPorteur,43 : 17392 (True) - TGfxDescriptorPorteur,147 : 51735 (True) - TWeaponModelHolder,Position,WeaponManager,Cadavre,Damage
40315,GroupeCombatController,146 : 51740 (False) - TUniteBehaviourDescriptor,43 : 44983 (True) - TGfxDescriptorPorteur,43 : 17392 (True) - TGfxDescriptorPorteur,147 : 51741 (True) - TWeaponModelHolder,Position,WeaponManager,Cadavre,Damage
40320,GroupeCombatController,146 : 51746 (False) - TUniteBehaviourDescriptor,43 : 44983 (True) - TGfxDescriptorPorteur,43 : 17392 (True) - TGfxDescriptorPorteur,147 : 51747 (True) - TWeaponModelHolder,Position,WeaponManager,Cadavre,Damage
40325,GroupeCombatController,146 : 51752 (False) - TUniteBehaviourDescriptor,43 : 44983 (True) - TGfxDescriptorPorteur,43 : 17392 (True) - TGfxDescriptorPorteur,147 : 51753 (True) - TWeaponModelHolder,Position,WeaponManager,Cadavre,Damage
40330,GroupeCombatController,146 : 51758 (False) - TUniteBehaviourDescriptor,43 : 44983 (True) - TGfxDescriptorPorteur,43 : 17392 (True) - TGfxDescriptorPorteur,147 : 51759 (True) - TWeaponModelHolder,Position,WeaponManager,Cadavre,Damage
40335,GroupeCombatController,146 : 51764 (False) - TUniteBehaviourDescriptor,43 : 44983 (True) - TGfxDescriptorPorteur,43 : 17392 (True) - TGfxDescriptorPorteur,147 : 51765 (True) - TWeaponModelHolder,Position,WeaponManager,Cadavre,Damage
40340,GroupeCombatController,146 : 51770 (False) - TUniteBehaviourDescriptor,43 : 44983 (True) - TGfxDescriptorPorteur,43 : 17392 (True) - TGfxDescriptorPorteur,147 : 51771 (True) - TWeaponModelHolder,Position,WeaponManager,Cadavre,Damage
40345,GroupeCombatController,146 : 51776 (False) - TUniteBehaviourDescriptor,43 : 44983 (True) - TGfxDescriptorPorteur,43 : 17392 (True) - TGfxDescriptorPorteur,147 : 51777 (True) - TWeaponModelHolder,Position,WeaponManager,Cadavre,Damage
40350,GroupeCombatController,146 : 51782 (False) - TUniteBehaviourDescriptor,43 : 44983 (True) - TGfxDescriptorPorteur,43 : 17392 (True) - TGfxDescriptorPorteur,147 : 51783 (True) - TWeaponModelHolder,Position,WeaponManager,Cadavre,Damage
40355,GroupeCombatController,146 : 51788 (False) - TUniteBehaviourDescriptor,43 : 44983 (True) - TGfxDescriptorPorteur,43 : 17392 (True) - TGfxDescriptorPorteur,147 : 51789 (True) - TWeaponModelHolder,Position,WeaponManager,Cadavre,Damage
40360,GroupeCombatController,146 : 51794 (False) - TUniteBehaviourDescriptor,43 : 44983 (True) - TGfxDescriptorPorteur,43 : 17392 (True) - TGfxDescriptorPorteur,147 : 51795 (True) - TWeaponModelHolder,Position,WeaponManager,Cadavre,Damage
40365,GroupeCombatController,146 : 51800 (False) - TUniteBehaviourDescriptor,43 : 44983 (True) - TGfxDescriptorPorteur,43 : 17392 (True) - TGfxDescriptorPorteur,147 : 51801 (True) - TWeaponModelHolder,Position,WeaponManager,Cadavre,Damage
40370,GroupeCombatController,146 : 51806 (False) - TUniteBehaviourDescriptor,43 : 44983 (True) - TGfxDescriptorPorteur,43 : 17392 (True) - TGfxDescriptorPorteur,147 : 51807 (True) - TWeaponModelHolder,Position,WeaponManager,Cadavre,Damage
40468,GroupeCombatController,146 : 51887 (False) - TUniteBehaviourDescriptor,43 : 44983 (True) - TGfxDescriptorPorteur,43 : 17392 (True) - TGfxDescriptorPorteur,147 : 51888 (True) - TWeaponModelHolder,Position,WeaponManager,Cadavre,Damage
40538,GroupeCombatController,146 : 51948 (False) - TUniteBehaviourDescriptor,43 : 44983 (True) - TGfxDescriptorPorteur,43 : 17392 (True) - TGfxDescriptorPorteur,147 : 51949 (True) - TWeaponModelHolder,Position,WeaponManager,Cadavre,Damage
40559,GroupeCombatController,146 : 51966 (False) - TUniteBehaviourDescriptor,43 : 44983 (True) - TGfxDescriptorPorteur,43 : 17392 (True) - TGfxDescriptorPorteur,147 : 51967 (True) - TWeaponModelHolder,Position,WeaponManager,Cadavre,Damage
40564,GroupeCombatController,146 : 51972 (False) - TUniteBehaviourDescriptor,43 : 44983 (True) - TGfxDescriptorPorteur,43 : 17392 (True) - TGfxDescriptorPorteur,147 : 51973 (True) - TWeaponModelHolder,Position,WeaponManager,Cadavre,Damage
40569,GroupeCombatController,146 : 51978 (False) - TUniteBehaviourDescriptor,43 : 44983 (True) - TGfxDescriptorPorteur,43 : 17392 (True) - TGfxDescriptorPorteur,147 : 51979 (True) - TWeaponModelHolder,Position,WeaponManager,Cadavre,Damage
40574,GroupeCombatController,146 : 51984 (False) - TUniteBehaviourDescriptor,43 : 44983 (True) - TGfxDescriptorPorteur,43 : 17392 (True) - TGfxDescriptorPorteur,147 : 51985 (True) - TWeaponModelHolder,Position,WeaponManager,Cadavre,Damage
40579,GroupeCombatController,146 : 51990 (False) - TUniteBehaviourDescriptor,43 : 44983 (True) - TGfxDescriptorPorteur,43 : 17392 (True) - TGfxDescriptorPorteur,147 : 51991 (True) - TWeaponModelHolder,Position,WeaponManager,Cadavre,Damage
40613,GroupeCombatController,146 : 52018 (False) - TUniteBehaviourDescriptor,43 : 44983 (True) - TGfxDescriptorPorteur,43 : 17392 (True) - TGfxDescriptorPorteur,147 : 52019 (True) - TWeaponModelHolder,Position,WeaponManager,Cadavre,Damage
40818,GroupeCombatController,146 : 52186 (False) - TUniteBehaviourDescriptor,43 : 44983 (True) - TGfxDescriptorPorteur,43 : 17392 (True) - TGfxDescriptorPorteur,147 : 52187 (True) - TWeaponModelHolder,Position,WeaponManager,Cadavre,Damage
40851,GroupeCombatController,146 : 52214 (False) - TUniteBehaviourDescriptor,43 : 44983 (True) - TGfxDescriptorPorteur,43 : 17392 (True) - TGfxDescriptorPorteur,147 : 52215 (True) - TWeaponModelHolder,Position,WeaponManager,Cadavre,Damage
40856,GroupeCombatController,146 : 52220 (False) - TUniteBehaviourDescriptor,43 : 44983 (True) - TGfxDescriptorPorteur,43 : 17392 (True) - TGfxDescriptorPorteur,147 : 52221 (True) - TWeaponModelHolder,Position,WeaponManager,Cadavre,Damage
